Rk,Player,Salary,Conference,Pos,Age,Tm,G,GS,MP,FG,FGA,FG%,3P,3PA,3P%,2P,2PA,2P%,eFG%,FT,FTA,FT%,ORB,DRB,TRB,AST,STL,BLK,TOV,PF,PTS
1,Precious Achiuwa,2582160,E,PF,21,MIA,49,2,12.3,2.1,3.8,0.559,0,0,,2.1,3.8,0.559,0.559,1,2,0.505,1.3,2.3,3.6,0.5,0.3,0.5,0.8,1.6,5.3
3,Steven Adams,27528090,W,C,27,NOP,48,48,27.9,3.4,5.6,0.618,0,0.1,0,3.4,5.5,0.625,0.618,1,2.4,0.435,3.9,4.9,8.8,1.9,1,0.7,1.5,2.1,7.9
4,Bam Adebayo,5115492,E,C,23,MIA,46,46,33.5,7.2,12.8,0.563,0,0.2,0.25,7.2,12.7,0.567,0.564,4.6,5.6,0.819,2.4,7.2,9.5,5.4,0.9,1.2,2.6,2.3,19.1
5,LaMarcus Aldridge,19078340,E,F-C,35,BRK,5,5,26,5,9.6,0.521,0.8,1,0.8,4.2,8.6,0.488,0.563,2,2,1,0.4,4.4,4.8,2.6,0.6,2.2,1.4,2.2,12.8
5,LaMarcus Aldridge,19078340,W,C,35,SAS,21,18,25.9,5.5,11.8,0.464,1.3,3.6,0.36,4.2,8.2,0.509,0.518,1.5,1.8,0.838,0.8,3.7,4.5,1.7,0.4,0.9,1,1.7,13.7
7,Nickeil Alexander-Walker,3113160,W,SG,22,NOP,41,10,20.8,3.9,9.2,0.418,1.6,4.6,0.348,2.3,4.7,0.487,0.504,1,1.3,0.75,0.2,2.8,3.1,2,1,0.5,1.4,1.9,10.2
8,Grayson Allen,2545320,W,SG,25,MEM,37,25,24.6,3.5,8.1,0.425,2.1,5.4,0.399,1.3,2.8,0.476,0.556,1.6,1.7,0.906,0.4,2.8,3.2,2.2,1,0.2,0.9,1.5,10.6
9,Jarrett Allen,3909902,E,C,22,BRK,12,5,26.7,3.7,5.4,0.677,0,0,,3.7,5.4,0.677,0.677,3.8,5.1,0.754,3.2,7.3,10.4,1.7,0.6,1.6,1.8,1.8,11.2
9,Jarrett Allen,3909902,E,C,22,CLE,32,21,29.4,5.2,8.3,0.623,0.2,0.4,0.417,5,7.9,0.632,0.632,3.3,4.8,0.684,3,6.7,9.7,1.7,0.4,1.7,1.3,1.5,13.8
10,Al-Farouq Aminu,9720900,E,PF,30,CHI,1,0,12,0,1,0,0,1,0,0,0,,0,2,2,1,0,5,5,0,0,0,2,2,2
10,Al-Farouq Aminu,9720900,E,PF,30,ORL,17,14,21.6,2.1,5.2,0.404,0.4,1.8,0.226,1.7,3.4,0.5,0.444,0.8,1,0.824,1.2,4.2,5.4,1.7,1,0.5,1.5,1.3,5.5
11,Kyle Anderson,9505100,W,PF,27,MEM,48,48,27.3,4.6,9.7,0.476,1.4,3.8,0.368,3.2,5.9,0.546,0.548,2,2.6,0.762,0.7,5.2,5.9,3.5,1.2,0.8,1.3,1.6,12.6
12,Giannis Antetokounmpo,27528090,E,PF,26,MIL,45,45,34,10.4,18.4,0.565,1.1,3.8,0.302,9.3,14.7,0.632,0.595,6.8,9.9,0.687,1.8,9.6,11.4,6.2,1.1,1.3,3.8,2.9,28.8
14,Thanasis Antetokounmpo,1701593,E,SF,28,MIL,40,2,10.7,1.5,2.8,0.545,0.2,0.6,0.304,1.4,2.2,0.607,0.576,0.4,0.9,0.471,1.1,1.4,2.4,0.8,0.4,0.2,0.9,1.4,3.6
15,Carmelo Anthony,2564753,W,PF,36,POR,51,3,25.2,4.7,11.6,0.409,1.7,4.6,0.382,3,7,0.427,0.485,2.1,2.5,0.872,0.5,2.7,3.2,1.6,0.8,0.6,1,2.2,13.4
16,Cole Anthony,3285120,E,PG,20,ORL,27,17,26.6,4,10.9,0.369,1.1,3.3,0.326,3,7.6,0.388,0.419,1.8,2.2,0.831,0.9,3.6,4.5,3.9,0.6,0.4,2,2.1,11
17,OG Anunoby,3872215,E,SF,23,TOR,35,35,32.9,5.3,11.3,0.47,2.3,5.8,0.391,3,5.5,0.552,0.57,1.7,2.3,0.753,1.4,4.3,5.7,2.1,1.6,0.7,1.7,2.7,14.6
18,Ryan Arcidiacono,3000000,E,PG,26,CHI,31,0,10.7,1.1,2.8,0.379,0.5,1.6,0.314,0.5,1.2,0.472,0.471,0.4,0.5,0.75,0.1,1.4,1.5,1.4,0.2,0,0.2,1.1,3
19,Trevor Ariza,12800000,E,SF,35,MIA,11,8,24.9,2.2,6.9,0.316,1,3.8,0.262,1.2,3.1,0.382,0.388,1.4,1.7,0.789,0.5,3.4,3.8,1.5,0.5,0.6,0.5,1.4,6.7
20,D.J. Augustin,6666667,W,PG,33,HOU,13,0,20.4,3,7.2,0.419,1.4,3.8,0.36,1.6,3.3,0.488,0.516,2.5,2.6,0.971,0.5,1.9,2.5,4.2,0.5,0,1.5,1.3,9.9
20,D.J. Augustin,6666667,E,PG,33,MIL,37,6,19.3,1.9,5.2,0.37,1.3,3.5,0.38,0.6,1.7,0.349,0.497,1,1.1,0.9,0.3,1.1,1.4,3,0.5,0,0.9,0.9,6.1
21,Deni Avdija,4469160,E,SF,20,WAS,48,26,23.6,2.5,6,0.416,1.1,3.3,0.325,1.4,2.7,0.527,0.505,0.6,0.9,0.643,0.4,4.5,5,1.2,0.6,0.2,0.6,2.7,6.6
22,Deandre Ayton,10018200,W,C,22,PHO,52,52,30.6,6.4,10.4,0.615,0.1,0.4,0.2,6.3,10.1,0.631,0.619,2,2.6,0.767,3.3,7.5,10.8,1.5,0.4,1.2,1.7,3,14.9
23,Udoka Azubuike,1977000,W,C,21,UTA,12,0,4.1,0.3,0.6,0.571,0,0,,0.3,0.6,0.571,0.571,0.3,0.5,0.667,0.3,0.8,1.1,0,0.1,0.3,0.3,0.7,1
24,Dwayne Bacon,1678854,E,SG,25,ORL,52,34,25.4,3.8,9.7,0.394,0.9,3,0.308,2.9,6.7,0.434,0.442,1.8,2.1,0.827,0.3,2.7,3,1.2,0.5,0.1,0.7,1.6,10.3
25,Marvin Bagley III,8963640,W,PF,21,SAC,37,37,25.7,5.6,11.2,0.502,0.9,2.6,0.354,4.7,8.6,0.547,0.543,1.6,2.9,0.56,2.5,5,7.4,0.9,0.5,0.5,1.3,2.4,13.9
26,LaMelo Ball,7839960,E,PG,19,CHO,41,21,28.6,5.8,12.8,0.451,2,5.3,0.375,3.8,7.6,0.503,0.528,2.4,3,0.789,1.3,4.5,5.9,6.1,1.6,0.3,2.8,2.8,15.9
27,Lonzo Ball,11003782,W,PG,23,NOP,41,41,31.7,5.2,12.3,0.424,3.1,8.1,0.384,2.1,4.2,0.5,0.55,0.9,1.2,0.792,0.6,3.6,4.2,5.7,1.4,0.6,2,2,14.5
28,Mo Bamba,5969040,E,C,22,ORL,30,0,12.3,2.5,5.3,0.475,0.7,1.9,0.345,1.9,3.4,0.549,0.538,0.7,1.1,0.625,1.3,3,4.3,0.5,0.2,1,0.6,1.7,6.4
29,Desmond Bane,1936440,W,SG,22,MEM,46,11,22.5,3.6,7.6,0.477,1.8,3.9,0.453,1.8,3.7,0.503,0.593,0.6,0.8,0.806,0.4,2.8,3.2,1.5,0.7,0.2,1,1.9,9.6
30,Harrison Barnes,22215909,W,PF,28,SAC,50,50,36.1,5.3,10.8,0.491,1.5,4.1,0.356,3.9,6.7,0.573,0.558,3.4,4.2,0.823,1.2,5.5,6.7,3.6,0.8,0.2,1.5,1.3,15.5
31,RJ Barrett,8231760,E,SG,20,NYK,53,53,34,6.6,14.6,0.452,1.4,3.6,0.382,5.2,11,0.474,0.499,3,4.1,0.736,1.1,4.8,5.9,3,0.7,0.2,2,2.6,17.6
32,Will Barton,13920000,W,SF,30,DEN,49,45,31.3,4.8,11,0.433,1.8,4.6,0.379,3,6.4,0.471,0.512,1.5,2,0.773,0.7,3.5,4.2,3.2,0.9,0.4,1.7,1.7,12.8
34,Nicolas Batum,11608231,W,SF,32,LAC,51,38,28.4,2.9,6.4,0.458,1.7,4.2,0.414,1.2,2.2,0.545,0.595,0.8,1,0.843,0.8,4.1,4.9,2.4,1.1,0.4,0.8,1.6,8.4
35,Aron Baynes,6975610,E,C,34,TOR,50,31,18.2,2.4,5.6,0.431,0.4,1.9,0.237,2,3.8,0.527,0.47,0.5,0.7,0.73,1.7,3.4,5.1,0.9,0.3,0.4,0.9,2.3,5.8
36,Kent Bazemore,2320044,W,SF,31,GSW,51,2,17.1,2.2,5,0.443,0.9,2.3,0.395,1.3,2.7,0.485,0.535,0.7,1,0.712,0.4,2.5,3,1.6,0.9,0.5,1.1,2.2,6.1
37,Darius Bazley,2399160,W,PF,20,OKC,37,37,30.8,4.5,11.2,0.398,1.5,5.1,0.3,2.9,6.1,0.48,0.466,1.5,2.2,0.704,0.6,6.9,7.5,1.6,0.5,0.6,1.9,0.9,12
38,Bradley Beal,28751775,E,SG,27,WAS,43,43,35.2,10.9,22.3,0.486,2.2,6.4,0.343,8.7,15.9,0.544,0.535,7,7.8,0.901,1.1,3.8,4.9,4.8,1.2,0.4,3.4,2.4,30.9
39,Malik Beasley,13325895,W,SG,24,MIN,37,36,32.8,7.1,16.2,0.44,3.5,8.7,0.399,3.7,7.5,0.487,0.547,1.8,2.2,0.85,0.8,3.6,4.4,2.4,0.8,0.2,1.6,1.7,19.6
41,DeAndre' Bembry,1737145,E,SF,26,TOR,36,10,18.1,2.3,4.1,0.547,0.3,0.9,0.273,2,3.2,0.626,0.578,0.7,1.1,0.667,0.6,2.1,2.7,2.1,0.8,0.4,1.2,1.6,5.5
42,D?vis Bert?ns,15000000,E,PF,28,WAS,39,5,24.5,3.3,8.2,0.402,2.9,7.3,0.395,0.4,0.9,0.457,0.578,1.6,1.9,0.865,0.4,2.5,2.9,0.9,0.6,0.2,0.6,2.5,11.2
43,Patrick Beverley,13333333,W,PG,32,LAC,31,31,23.4,2.6,6.1,0.432,1.7,4,0.416,1,2.1,0.462,0.568,1.1,1.3,0.805,0.9,2.7,3.6,2.1,0.8,0.8,0.9,3.1,8
44,Saddiq Bey,2689920,E,SF,21,DET,51,34,25,3.5,8.8,0.404,2.3,6,0.376,1.3,2.8,0.465,0.532,1.6,1.8,0.879,0.5,3.5,4,1.3,0.6,0.1,0.7,1.6,10.9
46,Khem Birch,3000000,E,C,28,ORL,48,5,19.8,2,4.4,0.45,0.1,0.4,0.19,1.9,3.9,0.479,0.459,1.3,1.8,0.741,2.4,2.6,5.1,1.1,0.7,0.6,0.5,1.4,5.3
47,Goga Bitadze,2957520,E,C,21,IND,32,1,10.7,1.9,4,0.488,0.3,1.3,0.256,1.6,2.6,0.607,0.531,0.7,1,0.697,1.3,1.6,2.9,0.7,0.2,1.1,0.4,1.9,4.9
48,Bismack Biyombo,2331593,E,C,28,CHO,47,28,21.3,2.3,3.9,0.576,0,0,0,2.3,3.9,0.579,0.576,0.8,1.7,0.481,2,3.2,5.2,1.3,0.3,1.1,1,2.4,5.3
49,Nemanja Bjelica,7150000,E,PF,32,MIA,6,0,12.5,1.5,3.7,0.409,0.5,2.3,0.214,1,1.3,0.75,0.477,0.2,0.5,0.333,0.2,2.3,2.5,1.3,0.3,0.3,0.5,2.3,3.7
49,Nemanja Bjelica,7150000,W,PF,32,SAC,26,1,16.9,2.7,5.8,0.46,0.7,2.2,0.293,2,3.5,0.565,0.517,1.2,1.6,0.762,0.9,2.9,3.8,1.9,0.3,0.1,1.1,1.8,7.2
50,Eric Bledsoe,16875000,W,SG,31,NOP,51,50,30.1,4.2,10.2,0.414,1.8,5.1,0.363,2.4,5.1,0.465,0.505,1.7,2.4,0.702,0.4,3,3.4,3.8,0.7,0.3,1.6,1.6,12
52,Bogdan Bogdanovi?,18000000,E,SG,28,ATL,28,11,26.4,4.8,10.5,0.452,2.4,6.1,0.392,2.4,4.4,0.537,0.566,0.8,0.8,0.913,0.5,3,3.5,2.9,0.8,0.3,1.1,2.3,12.6
53,Bojan Bogdanovi?,17850000,W,SF,31,UTA,53,53,30.2,4.9,11.7,0.415,2.3,6.2,0.378,2.5,5.5,0.456,0.514,2.6,3.1,0.859,0.5,3.4,3.9,1.8,0.5,0.1,1.4,1.6,14.7
54,Bol Bol,2058240,W,PF,21,DEN,21,2,5.2,0.9,1.8,0.5,0.4,0.9,0.5,0.5,1,0.5,0.618,0.2,0.4,0.556,0,0.8,0.8,0.3,0.1,0.4,0.4,0.6,2.5
57,Isaac Bonga,1663861,E,SF,21,WAS,32,7,11.3,0.8,2,0.369,0.3,1.2,0.289,0.4,0.8,0.481,0.454,0.1,0.2,0.5,0.5,1.3,1.9,0.6,0.3,0.2,0.5,1.7,1.9
58,Devin Booker,29430000,W,SG,24,PHO,48,48,34,9.5,19.3,0.494,2.1,5.8,0.357,7.4,13.5,0.553,0.548,4.9,5.7,0.858,0.4,3.8,4.1,4.5,0.9,0.3,3.2,2.8,26
59,Chris Boucher,6490385,E,C,28,TOR,53,8,23.6,4.8,9.4,0.516,1.5,3.8,0.387,3.3,5.5,0.606,0.596,2.5,3.2,0.776,1.9,4.5,6.5,1,0.6,1.9,0.8,2.7,13.6
61,Avery Bradley,5635000,W,SG,30,HOU,8,2,22.4,2.4,6.6,0.358,1,3.8,0.267,1.4,2.9,0.478,0.434,0.4,0.5,0.75,0.4,2.1,2.5,1.9,0.5,0.1,0.8,2,6.1
61,Avery Bradley,5635000,E,SG,30,MIA,10,1,21.1,3.1,6.6,0.47,1.6,3.8,0.421,1.5,2.8,0.536,0.591,0.7,0.9,0.778,0.2,1.6,1.8,1.4,0.7,0.1,0.9,2.6,8.5
62,Tony Bradley,3542060,W,C,23,OKC,8,0,21.1,4.1,6.5,0.635,0,0.3,0,4.1,6.3,0.66,0.635,1.5,2.1,0.706,2.3,5.3,7.5,1.3,0.4,1.1,1.6,2.1,9.8
62,Tony Bradley,3542060,E,C,23,PHI,20,8,14.4,2.6,3.8,0.68,0,0.1,0,2.6,3.7,0.689,0.68,0.4,0.6,0.636,2,3.3,5.2,0.9,0.3,0.7,0.3,1.4,5.5
64,Ignas Brazdeikis,1517981,E,SF,22,NYK,4,0,1.8,0,0.3,0,0,0,,0,0.3,0,0,0.5,0.5,1,0.3,0.3,0.5,0.3,0,0,0.3,0,0.5
64,Ignas Brazdeikis,1517981,E,F,22,PHI,1,0,8,0,3,0,0,1,0,0,2,0,0,0,0,,0,2,2,0,0,0,0,0,0
65,Mikal Bridges,4359000,W,SF,24,PHO,52,52,32.3,5,9.4,0.529,1.8,4.3,0.41,3.2,5.2,0.627,0.621,1.6,1.9,0.828,1.2,3.5,4.7,2.2,0.9,0.9,0.8,1.6,13.3
66,Miles Bridges,3934320,E,PF,22,CHO,51,5,27.2,3.9,7.7,0.504,1.4,3.5,0.391,2.5,4.2,0.599,0.593,1.3,1.5,0.892,1.3,4.5,5.7,2,0.6,0.7,1.6,2.1,10.4
67,Oshae Brissett,300000,E,F,22,IND,2,0,2.5,0.5,1,0.5,0,0.5,0,0.5,0.5,1,0.5,0,0,,0,1,1,0,0.5,0,0,0,1
68,Malcolm Brogdon,20700000,E,PG,28,IND,45,45,35.1,7.9,17.4,0.455,2.6,6.6,0.396,5.3,10.8,0.491,0.53,2.5,2.9,0.868,0.8,3.9,4.7,5.8,1,0.2,2.1,2,21
70,Dillon Brooks,11400000,W,SF,25,MEM,47,47,29.3,6.2,15,0.414,1.9,5.7,0.342,4.3,9.3,0.458,0.479,2.2,2.6,0.823,0.8,2.1,2.9,2.4,1.2,0.4,1.9,3.4,16.5
71,Bruce Brown,1663861,E,PG,24,BRK,49,31,21.9,3.4,6.3,0.547,0.2,0.9,0.256,3.2,5.4,0.595,0.565,1.3,1.7,0.747,1.6,3.1,4.7,1.5,0.8,0.3,0.8,2.2,8.3
72,Jaylen Brown,22991071,E,SG,24,BOS,49,49,34,9.2,18.8,0.486,2.7,6.9,0.399,6.4,12,0.537,0.559,3.3,4.4,0.752,1.2,4.5,5.7,3.5,1.2,0.6,2.8,2.9,24.3
73,Moses Brown,495102,W,C,21,OKC,24,13,20.4,3.3,5.8,0.557,0,0,,3.3,5.8,0.557,0.557,2,3.4,0.598,3.2,5.2,8.3,0.2,0.5,1.1,0.8,1.9,8.5
74,Sterling Brown,1678854,W,SG,25,HOU,51,14,24.1,2.9,6.6,0.448,1.8,4.2,0.423,1.2,2.4,0.492,0.584,0.5,0.6,0.806,0.7,3.6,4.4,1.4,0.7,0.2,0.8,1.9,8.2
75,Troy Brown Jr.,3372840,E,SF,21,CHI,7,0,17,1.7,4,0.429,0.6,1.9,0.308,1.1,2.1,0.533,0.5,0.6,0.7,0.8,0.7,1.9,2.6,0.7,0.6,0.3,0.3,1.6,4.6
75,Troy Brown Jr.,3372840,E,SF,21,WAS,21,0,13.7,1.6,4.2,0.371,0.7,2.2,0.304,0.9,2,0.442,0.449,0.5,0.7,0.667,0.5,2.4,2.9,0.9,0.1,0.2,0.8,1.4,4.3
76,Jalen Brunson,1663861,W,PG,24,DAL,47,10,25.4,4.8,9,0.533,1.2,3,0.399,3.6,5.9,0.602,0.601,2,2.6,0.793,0.4,3.1,3.5,3.3,0.5,0,1.3,1.7,12.8
77,Thomas Bryant,8333333,E,C,23,WAS,10,10,27.1,5.9,9.1,0.648,0.9,2.1,0.429,5,7,0.714,0.698,1.6,2.4,0.667,1.8,4.3,6.1,1.5,0.4,0.8,1.1,3.1,14.3
78,Reggie Bullock,4200000,E,SF,29,NYK,46,45,27.7,3.4,8,0.429,2.2,5.5,0.402,1.2,2.5,0.487,0.567,0.7,0.7,0.882,0.2,3.1,3.3,1.3,0.7,0.2,0.7,2.2,9.7
79,Trey Burke,3174603,W,PG,28,DAL,47,0,14.5,2.4,5.5,0.447,1,2.7,0.373,1.4,2.8,0.519,0.539,0.7,0.9,0.85,0.1,0.8,0.9,1.4,0.5,0.1,0.5,1,6.6
80,Alec Burks,6000000,E,SG,29,NYK,41,5,26.1,4.2,10.2,0.416,2,5,0.412,2.2,5.2,0.421,0.517,2.2,2.5,0.865,0.5,4,4.5,2.2,0.7,0.3,1,2.1,12.7
81,Jimmy Butler,34379100,E,SF,31,MIA,37,37,33.8,7.2,14.4,0.496,0.4,1.9,0.222,6.7,12.5,0.539,0.511,6.8,8,0.854,2,5.4,7.4,7.2,2,0.4,2.2,1.4,21.6
82,Bruno Caboclo,361256,W,PF,25,HOU,6,0,6,1.3,2.8,0.471,0,0.8,0,1.3,2,0.667,0.471,0.2,0.3,0.5,0.5,1.8,2.3,0.2,0,0.3,0.7,1,2.8
84,Kentavious Caldwell-Pope,12073020,W,SG,27,LAL,49,49,26.9,3,7.1,0.427,1.7,3.9,0.42,1.4,3.2,0.436,0.543,1.2,1.5,0.847,0.4,2.2,2.7,1.6,0.8,0.3,1.1,1.7,9
85,Facundo Campazzo,3623000,W,PG,29,DEN,46,3,18.3,1.5,4,0.366,1,2.8,0.354,0.5,1.2,0.393,0.489,0.9,1,0.833,0.3,1.2,1.5,2.8,1,0.2,1,1.9,4.8
86,Vlatko ?an?ar,898310,W,PF,23,DEN,27,0,5.7,0.6,1.3,0.429,0.2,0.7,0.278,0.4,0.6,0.588,0.5,0.2,0.2,0.833,0.2,0.9,1.1,0.3,0.3,0.1,0.4,0.5,1.5
88,Clint Capela,16000000,E,C,26,ATL,46,46,29.9,6.6,11,0.598,0,0,,6.6,11,0.598,0.598,2,3.4,0.589,4.7,9.4,14.1,0.8,0.7,2.3,1.2,2.3,15.2
89,Vernon Carey Jr.,1350000,E,C,19,CHO,10,0,3.3,0.3,0.8,0.375,0,0.4,0,0.3,0.4,0.75,0.375,0.2,0.3,0.667,0.2,0.8,1,0.1,0,0.2,0.3,0.2,0.8
90,Jevon Carter,3549383,W,PG,25,PHO,40,0,10.2,1.2,3,0.383,0.7,2.1,0.329,0.5,1,0.5,0.496,0.1,0.1,1,0.2,1.2,1.4,1.2,0.4,0.2,0.2,1,3
91,Wendell Carter Jr.,5448840,E,C,21,CHI,32,25,24.8,4,7.9,0.512,0.3,0.7,0.364,3.8,7.2,0.526,0.528,2.6,3.5,0.739,2.2,5.6,7.8,2.2,0.6,0.8,1.5,3,10.9
91,Wendell Carter Jr.,5448840,E,C,21,ORL,7,4,26.7,5.4,9.6,0.567,0.3,1.4,0.2,5.1,8.1,0.632,0.582,2.9,3.7,0.769,2.9,5.7,8.6,1.6,0.9,1.1,1.6,2.1,14
92,Michael Carter-Williams,3000000,E,SG,29,ORL,28,22,26,3.4,8.7,0.387,0.5,1.9,0.269,2.9,6.8,0.419,0.416,1.6,2.4,0.662,1.3,3.2,4.5,4.4,0.8,0.5,2.3,2.8,8.8
93,Alex Caruso,2750000,W,PG,26,LAL,43,0,20.5,2,4.9,0.421,1,2.3,0.418,1.1,2.6,0.423,0.519,0.8,1.2,0.642,0.5,2.5,3,2.5,1.2,0.2,1.2,1.8,5.8
94,Willie Cauley-Stein,4000000,W,C,27,DAL,35,11,17.1,2.3,3.6,0.622,0,0.2,0.125,2.2,3.4,0.655,0.626,0.9,1.4,0.66,1.1,3.1,4.3,0.7,0.3,0.8,0.5,2.3,5.5
96,Marquese Chriss,1824003,W,PF,23,GSW,2,0,13.5,2.5,7,0.357,0.5,2.5,0.2,2,4.5,0.444,0.393,1,2,0.5,1.5,5,6.5,1,0,1,1,1.5,6.5
97,Gary Clark,2000000,W,F,26,DEN,2,0,2,0,0,,0,0,,0,0,,,0,0,,0,0.5,0.5,0,0,0,0,0,0
97,Gary Clark,2000000,E,SF,26,ORL,35,11,18.2,1.1,3.7,0.305,0.9,3.1,0.287,0.3,0.7,0.391,0.424,0.2,0.3,0.8,0.9,2.3,3.2,0.9,0.3,0.2,0.5,1,3.4
98,Brandon Clarke,2602920,W,PF,24,MEM,42,16,25.6,4.8,9.2,0.522,0.5,1.4,0.317,4.4,7.8,0.56,0.547,1.5,2.1,0.685,1.5,3.9,5.5,1.7,1.1,0.8,0.6,1.5,11.5
99,Jordan Clarkson,11500000,W,SG,28,UTA,51,0,25.4,6.2,14.8,0.422,3,8.6,0.349,3.2,6.1,0.524,0.524,1.7,1.7,0.955,0.8,3.2,3.9,2.2,0.9,0.2,1.7,1.5,17.2
100,Nicolas Claxton,1517981,E,C,21,BRK,21,0,17.8,3,5.2,0.587,0,0.2,0.25,3,5,0.6,0.592,1,2,0.512,1.4,3.2,4.7,1,0.6,1.3,0.6,2,7.2
102,John Collins,4137302,E,PF,23,ATL,47,47,30.3,7.1,13,0.545,1.3,3.4,0.38,5.8,9.6,0.603,0.594,2.7,3.3,0.838,2.1,5.7,7.8,1.4,0.5,1,1.2,3.2,18.2
103,Mike Conley,34504132,W,PG,33,UTA,43,43,29.7,5.7,12.7,0.452,2.8,6.7,0.414,2.9,5.9,0.496,0.563,2.3,2.7,0.855,0.8,2.7,3.5,5.4,1.3,0.1,1.9,1.9,16.6
104,Pat Connaughton,4938272,E,SG,28,MIL,49,2,23.2,2.4,5.5,0.437,1.4,3.6,0.376,1,1.8,0.556,0.562,0.5,0.7,0.735,1,3.8,4.8,1.3,0.7,0.4,0.4,1.5,6.7
105,Quinn Cook,1797183,E,PG,27,CLE,7,0,13.6,2.4,6,0.405,0.9,1.9,0.462,1.6,4.1,0.379,0.476,0.4,0.4,1,0.3,1.4,1.7,1.9,0.4,0,0.6,1.1,6.1
105,Quinn Cook,1797183,W,PG,27,LAL,16,0,3.9,0.8,1.6,0.462,0.3,0.8,0.385,0.4,0.8,0.538,0.558,0.3,0.3,0.8,0,0.3,0.3,0.3,0.1,0.1,0.2,0.1,2.1
107,DeMarcus Cousins,2331593,W,C,30,HOU,25,11,20.2,3.2,8.4,0.376,1.6,4.6,0.336,1.6,3.8,0.426,0.469,1.8,2.4,0.746,1.2,6.4,7.6,2.4,0.8,0.7,1.6,3,9.6
107,DeMarcus Cousins,2331593,W,C-F,30,LAC,2,0,6.5,2,3,0.667,0.5,0.5,1,1.5,2.5,0.6,0.75,0.5,2,0.25,1,2,3,1,0.5,0,2,2,5
108,Robert Covington,12138345,W,PF,30,POR,50,50,32.2,3.2,7.6,0.416,2.1,5.4,0.393,1,2.2,0.473,0.555,0.7,0.8,0.805,0.8,5.8,6.7,1.6,1.6,1.3,1.1,2.7,9.1
109,Torrey Craig,1678854,E,SF,30,MIL,18,0,11.2,1,2.6,0.391,0.4,1.2,0.364,0.6,1.3,0.417,0.478,0.1,0.1,0.5,0.7,1.7,2.4,0.9,0.5,0.4,0.3,1.3,2.5
109,Torrey Craig,1678854,W,SF,30,PHO,12,0,15.9,2.4,4.7,0.518,0.8,1.9,0.391,1.7,2.8,0.606,0.598,0.3,0.5,0.5,1,2.9,3.9,1,0.8,0.4,0.5,1.8,5.8
110,Jae Crowder,9258000,W,PF,30,PHO,49,34,27.9,3.3,8.2,0.405,2.4,6.2,0.383,0.9,2,0.474,0.55,1,1.3,0.79,0.5,4.4,4.9,2.1,0.8,0.4,0.9,1.9,10
111,Jarrett Culver,6104280,W,SG,21,MIN,30,7,15.6,2.2,5.2,0.414,0.4,1.5,0.244,1.8,3.7,0.482,0.449,0.9,1.5,0.609,1.1,2.2,3.4,0.7,0.5,0.3,0.9,1.9,5.6
112,Seth Curry,7813953,E,SG,30,PHI,42,42,29.1,4.5,10,0.447,2,4.9,0.407,2.5,5.1,0.486,0.547,1.4,1.6,0.894,0.2,2,2.2,2.9,0.8,0.2,1.3,1.7,12.3
113,Stephen Curry,43006362,W,PG,32,GSW,45,45,33.9,9.9,20.5,0.483,4.8,11.6,0.412,5.1,8.9,0.575,0.599,5.4,5.8,0.924,0.5,5,5.5,6,1.3,0.1,3.2,1.8,29.9
115,Anthony Davis,32742000,W,PF,27,LAL,23,23,32.8,8.9,16.7,0.533,0.7,2.5,0.293,8.1,14.1,0.575,0.555,4,5.7,0.715,2,6.3,8.4,3,1.3,1.8,2,1.8,22.5
116,Ed Davis,5005350,W,C,31,MIN,19,7,13.9,0.9,2.3,0.419,0,0,,0.9,2.3,0.419,0.419,0.4,0.4,0.875,2,3.1,5.1,1,0.5,0.5,0.3,2.6,2.3
117,Terence Davis,1517981,W,SG,23,SAC,8,0,18.6,2.9,7.4,0.39,1.8,5.4,0.326,1.1,2,0.563,0.508,0.6,0.9,0.714,0.1,2.1,2.3,1.4,0.9,0.4,1,1.5,8.1
117,Terence Davis,1517981,E,SG,23,TOR,34,4,14.5,2.6,6.2,0.414,1.3,3.6,0.361,1.3,2.6,0.489,0.519,0.5,0.5,0.889,0.3,1.7,1.9,1.1,0.5,0.2,0.9,1.4,6.9
118,Matthew Dellavedova,2174318,E,PG,30,CLE,5,0,17.4,1,4.2,0.238,0.2,1.6,0.125,0.8,2.6,0.308,0.262,0.4,0.4,1,0.8,1.6,2.4,4.4,0.2,0,0.4,1,2.6
119,DeMar DeRozan,27739975,W,PF,31,SAS,43,43,34,7.2,14.6,0.493,0.4,1.4,0.29,6.8,13.1,0.515,0.507,6.1,7,0.88,0.7,3.7,4.3,7.1,1,0.3,1.9,2,20.9
121,Hamidou Diallo,1663861,E,SF,22,DET,8,0,21.4,4.4,8,0.547,0.9,1.8,0.5,3.5,6.3,0.56,0.602,2.3,2.8,0.818,1.1,3.6,4.8,1.5,0.6,0.6,1.4,2.1,11.9
121,Hamidou Diallo,1663861,W,SG,22,OKC,32,5,23.8,4.5,9.3,0.481,0.4,1.3,0.293,4.1,8,0.512,0.502,2.6,4.1,0.629,1.2,4,5.2,2.4,1,0.4,1.5,2.6,11.9
122,Gorgui Dieng,17587688,W,C,31,MEM,22,1,16.9,2.5,4.9,0.519,1,2.2,0.479,1.5,2.7,0.55,0.625,1.7,2,0.884,1.3,3.2,4.5,1.3,0.8,0.6,1,1.7,7.9
122,Gorgui Dieng,17587688,W,C,31,SAS,3,0,8,0.7,2.3,0.286,0.3,1.3,0.25,0.3,1,0.333,0.357,1.3,2,0.667,0,0.7,0.7,0,0.7,0,0.7,1.7,3
123,Spencer Dinwiddie,11454048,E,SG,27,BRK,3,3,21.3,2,5.3,0.375,0.7,2.3,0.286,1.3,3,0.444,0.438,2,2,1,0,4.3,4.3,3,0.7,0.3,1.7,1.3,6.7
124,Donte DiVincenzo,3044160,E,SG,24,MIL,50,50,27.6,3.9,9.4,0.419,2,5.2,0.391,1.9,4.2,0.455,0.528,0.8,1.1,0.722,1.3,4.3,5.6,3.1,1.2,0.2,1.4,1.6,10.7
125,Luka Don?i?,8049360,W,PG,21,DAL,46,46,35.1,10.2,21,0.483,3,8.2,0.37,7.2,12.9,0.556,0.555,5.1,7,0.73,0.8,7.4,8.2,8.7,1,0.6,4.3,2.2,28.5
126,Luguentz Dort,1517981,W,SG,21,OKC,42,42,29.3,4.4,11.2,0.389,2,5.9,0.329,2.4,5.3,0.455,0.476,2,2.6,0.752,0.6,2.8,3.5,1.5,0.9,0.4,1.5,2.5,12.6
127,Damyean Dotson,2000000,E,SG,26,CLE,35,6,18.8,2.5,6.3,0.394,0.9,3.3,0.278,1.6,3,0.519,0.466,0.6,0.9,0.688,0.1,1.9,2,2.1,0.4,0.1,0.8,0.9,6.5
129,Sekou Doumbouya,3449400,E,PF,20,DET,44,2,13,1.5,4.2,0.351,0.5,1.8,0.247,1,2.4,0.433,0.405,0.6,0.8,0.778,0.5,1.6,2.2,0.6,0.4,0.1,0.7,1.5,4
131,Goran Dragi?,18000000,E,PG,34,MIA,33,10,26.7,4.8,10.8,0.439,1.6,4.6,0.346,3.2,6.2,0.507,0.513,2.1,2.5,0.831,0.3,3,3.3,4.5,0.6,0.2,2.7,2.2,13.2
132,Andre Drummond,29546311,E,C,27,CLE,25,25,28.9,7.2,15.2,0.474,0,0.3,0,7.2,14.9,0.484,0.474,3.1,5.2,0.597,4,9.4,13.5,2.6,1.6,1.2,3.2,2.8,17.5
132,Andre Drummond,29546311,W,C,27,LAL,3,3,21.3,5,10,0.5,0,0,,5,10,0.5,0.5,3,4.7,0.643,2.7,5.3,8,1.7,1,0.7,3,4,13
133,Jared Dudley,2564753,W,PF,35,LAL,11,0,6.9,0.2,0.6,0.286,0.2,0.5,0.4,0,0.2,0,0.429,0,0,,0.4,1.4,1.7,0.5,0.1,0.1,0.2,0.6,0.5
134,Kevin Durant,39058950,E,PF,32,BRK,21,19,34.4,9.6,18.1,0.528,2.5,5.7,0.437,7.1,12.5,0.569,0.596,6.5,7.4,0.877,0.4,6.9,7.3,5.2,0.7,1.4,3.9,2.1,28.1
135,Anthony Edwards,9757440,W,SG,19,MIN,53,36,31.2,6.6,16.5,0.4,2.1,6.8,0.315,4.5,9.7,0.459,0.464,2.6,3.3,0.79,0.9,3.5,4.4,2.6,1.1,0.4,2.2,1.7,17.9
136,Carsen Edwards,1517981,E,SG,22,BOS,21,1,9.2,1.8,3.9,0.463,0.6,2,0.302,1.2,1.9,0.641,0.543,0.3,0.4,0.778,0.1,0.8,0.9,0.5,0.2,0,0.1,1,4.6
137,CJ Elleby,898310,W,SF,20,POR,20,0,7.4,0.9,2.4,0.362,0.3,1.3,0.192,0.6,1.1,0.571,0.415,0.4,0.6,0.636,0.4,0.7,1.1,0.2,0.3,0.2,0.2,1,2.3
138,Henry Ellenson,50000,E,PF,24,TOR,2,0,19,2.5,7,0.357,1,4.5,0.222,1.5,2.5,0.6,0.429,1.5,2,0.75,1.5,4.5,6,2.5,0,0,0,3.5,7.5
139,Wayne Ellington,3005225,E,SG,33,DET,38,28,22.1,3.3,7.5,0.441,2.5,6,0.415,0.8,1.5,0.544,0.607,0.7,0.9,0.788,0.2,1.6,1.8,1.4,0.4,0.2,0.7,1.4,9.8
140,Joel Embiid,29542010,E,C,26,PHI,35,35,32.3,9.2,17.8,0.518,1.1,3,0.375,8.1,14.9,0.546,0.549,9.8,11.5,0.849,2.1,8.9,11.1,3.1,1.1,1.5,3.2,2.5,29.4
141,James Ennis,3300000,E,SF,30,ORL,35,31,23.9,2.8,5.8,0.49,1.1,2.4,0.435,1.8,3.3,0.53,0.582,1.6,2,0.814,1.1,2.9,4,1.6,0.9,0.2,0.9,2.1,8.3
142,Drew Eubanks,1620564,W,C,23,SAS,32,0,12.8,1.7,3.3,0.514,0,0,1,1.7,3.3,0.509,0.519,1.1,1.6,0.706,0.8,2.8,3.5,0.8,0.2,1,0.8,1.3,4.6
143,Dante Exum,9600000,E,SG,25,CLE,6,3,19.3,1.7,4.3,0.385,0.3,1.8,0.182,1.3,2.5,0.533,0.423,0.2,0.3,0.5,0.3,2.5,2.8,2.2,0.7,0.3,1.2,1.5,3.8
145,Derrick Favors,9258000,W,C,29,UTA,51,0,15.6,2.4,3.8,0.629,0,0,0,2.4,3.8,0.632,0.629,1,1.4,0.732,2.1,3.4,5.6,0.8,0.5,1,0.6,2.3,5.8
147,Terrance Ferguson,3944013,E,SG,22,PHI,13,0,3.8,0.1,0.5,0.143,0,0.4,0,0.1,0.2,0.5,0.143,0,0,,0,0.1,0.1,0.2,0.1,0,0.3,0.5,0.2
148,Bruno Fernando,1517981,E,C,22,ATL,26,0,6.8,0.5,1.1,0.429,0,0.1,0,0.5,1,0.462,0.429,0.5,0.7,0.667,0.5,2,2.5,0.3,0.1,0.1,0.7,0.8,1.4
150,Dorian Finney-Smith,4000000,W,PF,27,DAL,40,40,32,3.3,7.5,0.433,1.8,4.9,0.367,1.5,2.6,0.558,0.553,0.6,0.8,0.8,1.7,3.8,5.5,1.6,0.9,0.5,0.6,2.5,8.9
152,Malachi Flynn,1950600,E,PG,22,TOR,28,2,14.6,1.7,4.8,0.358,0.6,2.2,0.274,1.1,2.6,0.431,0.422,0.4,0.5,0.733,0.1,1.5,1.6,2.2,0.7,0.1,0.7,1.1,4.4
153,Bryn Forbes,2337145,E,SG,27,MIL,51,7,19,3.3,7.4,0.452,2.1,4.7,0.45,1.2,2.6,0.455,0.597,0.6,0.7,0.763,0.2,1.2,1.3,0.6,0.3,0,0.6,1.1,9.4
155,Evan Fournier,17000000,E,SG,28,BOS,4,0,28.8,4,9.5,0.421,2.8,5.8,0.478,1.3,3.8,0.333,0.566,0.8,1,0.75,0,1.8,1.8,1.8,1.3,0.8,1,2.5,11.5
155,Evan Fournier,17000000,E,SF,28,ORL,26,26,30.3,6.5,14.2,0.461,2.8,7.2,0.388,3.7,7,0.536,0.56,3.8,4.7,0.797,0.2,2.7,2.9,3.7,1,0.3,2.1,2.1,19.7
156,De'Aaron Fox,8099627,W,PG,23,SAC,52,52,34.9,8.9,18.7,0.478,1.8,5.5,0.326,7.1,13.2,0.542,0.526,5,7,0.712,0.5,2.8,3.4,7.2,1.4,0.5,3,3,24.7
158,Markelle Fultz,12288697,E,PG,22,ORL,8,8,26.9,5.1,13,0.394,0.5,2,0.25,4.6,11,0.42,0.413,2.1,2.4,0.895,0.6,2.5,3.1,5.4,1,0.3,2.3,2.3,12.9
159,Wenyen Gabriel,1620564,W,PF,23,NOP,9,0,4.7,0.2,1.2,0.182,0.1,0.6,0.2,0.1,0.7,0.167,0.227,0.2,0.4,0.5,0.8,0.8,1.6,0.6,0.1,0,0.8,0.2,0.8
160,Daniel Gafford,1517981,E,PF,22,CHI,31,11,12.4,1.9,2.8,0.69,0,0,,1.9,2.8,0.69,0.69,0.9,1.3,0.659,1.4,1.9,3.3,0.5,0.4,1.1,0.7,1.7,4.7
160,Daniel Gafford,1517981,E,C,22,WAS,3,0,15,4.7,6.3,0.737,0,0,,4.7,6.3,0.737,0.737,1.7,2.3,0.714,2.3,3,5.3,0.7,0.7,2,1,0.7,11
161,Danilo Gallinari,19500000,E,PF,32,ATL,39,4,24,4,9.5,0.425,2.1,5.2,0.407,1.9,4.2,0.448,0.538,3.2,3.4,0.933,0.3,3.8,4.1,1.4,0.6,0.2,1,2.1,13.4
162,Langston Galloway,2028594,W,SG,29,PHO,34,0,11.1,1.7,3.6,0.471,0.9,2.1,0.451,0.7,1.5,0.5,0.603,0.5,0.5,1,0.1,0.9,1,0.7,0.2,0,0.3,0.7,4.8
163,Darius Garland,6720720,E,PG,21,CLE,43,40,33.3,6.5,14.5,0.448,1.9,4.6,0.402,4.7,9.9,0.469,0.512,2,2.3,0.851,0.5,1.9,2.4,5.9,1.2,0.1,3,2.2,16.9
164,Marc Gasol,2564753,W,C,36,LAL,42,41,19.8,1.7,4,0.426,0.9,2.5,0.365,0.8,1.5,0.523,0.538,0.8,1,0.75,0.7,3.4,4.1,2.1,0.5,1.3,1.2,2.3,5.1
165,Rudy Gay,14000000,W,PF,34,SAS,43,0,21.8,4.1,10,0.411,1.7,4.3,0.392,2.4,5.6,0.426,0.496,1.3,1.7,0.789,0.8,4.2,5,1.5,0.7,0.6,1,1.9,11.2
166,Paul George,35450412,W,SF,30,LAC,40,40,33.4,8,16.8,0.477,3.3,7.5,0.441,4.7,9.4,0.505,0.575,3.4,3.9,0.89,0.9,5.4,6.3,5.3,1.2,0.5,3.1,2.4,22.8
167,Taj Gibson,3283684,E,PF,35,NYK,26,1,20.4,1.9,3.2,0.583,0.1,0.5,0.214,1.8,2.7,0.657,0.601,1,1.5,0.667,1.9,3.2,5.1,0.7,0.8,0.9,0.7,2.2,4.9
168,Harry Giles,1678854,W,C,22,POR,29,0,10.5,1.1,2.6,0.419,0.2,0.5,0.429,0.9,2.1,0.417,0.459,0.5,0.8,0.682,1,3.1,4.1,0.8,0.2,0.3,0.6,1.7,2.9
169,Shai Gilgeous-Alexander,4141320,W,SG,22,OKC,35,35,33.7,8.2,16.1,0.508,2,4.9,0.418,6.2,11.3,0.547,0.571,5.3,6.5,0.808,0.5,4.2,4.7,5.9,0.8,0.7,3,2,23.7
170,Anthony Gill,898310,E,PF,28,WAS,17,1,5.4,0.4,1.2,0.35,0.1,0.7,0.167,0.3,0.5,0.625,0.4,0.2,0.3,0.8,0.5,1.1,1.6,0.2,0.2,0.1,0.2,0.6,1.2
172,Rudy Gobert,26525281,W,C,28,UTA,53,53,30.9,5.5,8.2,0.664,0,0.1,0,5.5,8.2,0.668,0.664,3.6,5.7,0.622,3.4,10,13.4,1.3,0.5,2.8,1.6,2.3,14.5
173,Brandon Goodwin,1701593,E,PG,25,ATL,34,1,10.8,1.4,4.1,0.353,0.6,1.9,0.318,0.8,2.1,0.384,0.428,0.5,0.7,0.708,0.2,0.9,1.1,1.6,0.4,0,0.6,0.8,4
174,Aaron Gordon,18136364,W,PF,25,DEN,7,7,28.1,5.1,8.9,0.581,0.7,2.6,0.278,4.4,6.3,0.705,0.621,1.3,2,0.643,0.7,3,3.7,2.6,1,0.9,1.1,1.6,12.3
174,Aaron Gordon,18136364,E,PF,25,ORL,25,25,29.4,5.1,11.7,0.437,1.7,4.5,0.375,3.4,7.2,0.475,0.509,2.6,4.2,0.629,1.6,5.1,6.6,4.2,0.6,0.8,2.7,2,14.6
175,Eric Gordon,16869276,W,SG,32,HOU,27,13,29.2,5.9,13.6,0.433,2.6,7.8,0.329,3.3,5.8,0.573,0.527,3.5,4.2,0.825,0.3,1.9,2.1,2.6,0.5,0.5,1.9,1.6,17.8
176,Devonte' Graham,1663861,E,PG,25,CHO,41,35,29.6,4.4,11.6,0.377,3,8,0.378,1.4,3.6,0.376,0.507,2.2,2.6,0.833,0.4,2.3,2.8,5.1,1,0.1,1.5,1.3,14
177,Jerami Grant,19047619,E,SF,26,DET,48,48,34.4,7.4,17.3,0.429,2.3,6.3,0.359,5.2,11.1,0.469,0.494,5.4,6.3,0.854,0.7,4.1,4.8,2.9,0.7,1.1,2,2.3,22.5
178,Danny Green,15365854,E,SF,33,PHI,52,52,28.3,3.4,8,0.422,2.6,6.3,0.415,0.8,1.7,0.448,0.586,0.4,0.6,0.724,0.8,2.9,3.7,1.7,1.3,0.9,1.1,1.8,9.8
179,Draymond Green,22246956,W,PF,30,GSW,45,45,30.4,2.4,5.9,0.404,0.5,2,0.256,1.9,3.9,0.48,0.447,1,1.4,0.77,1,5.5,6.4,8.4,1.6,0.8,2.9,3.1,6.3
180,JaMychal Green,7199760,W,PF,30,DEN,39,4,18.6,3.1,6.6,0.463,1.4,3.5,0.404,1.6,3.1,0.529,0.57,0.9,1.1,0.829,1.5,3.7,5.2,0.8,0.5,0.4,0.9,2.5,8.4
181,Javonte Green,1517981,E,SG,27,BOS,25,2,13.8,1.6,2.8,0.549,0.3,0.9,0.318,1.3,2,0.653,0.599,0.8,1.2,0.667,0.8,1.3,2.1,0.4,0.7,0.1,0.5,1.3,4.2
181,Javonte Green,1517981,E,PG,27,CHI,3,0,8,0.3,2,0.167,0,0.3,0,0.3,1.7,0.2,0.167,0,0,,0.7,1.3,2,0.3,0.7,0.7,1,1,0.7
182,Jeff Green,2564753,E,C,34,BRK,49,26,26.8,3.6,7.3,0.494,1.4,3.5,0.418,2.1,3.8,0.565,0.594,1.6,2.1,0.743,0.5,3.3,3.8,1.4,0.6,0.3,0.8,1.7,10.2
183,Josh Green,2816760,W,SG,20,DAL,27,5,10.4,0.9,2.1,0.431,0.1,0.6,0.118,0.9,1.5,0.561,0.448,0.3,0.6,0.6,0.6,1.3,1.9,0.5,0.3,0.1,0.5,0.7,2.3
184,Blake Griffin,33685241,E,PF,31,BRK,8,1,18.4,2.9,5.1,0.561,1,2.1,0.471,1.9,3,0.625,0.659,1.4,1.9,0.733,0.5,3.5,4,2.1,0.6,0.5,1.1,2.3,8.1
184,Blake Griffin,33685241,E,PF,31,DET,20,20,31.3,4.1,11.1,0.365,2,6.2,0.315,2.1,4.9,0.429,0.453,2.2,3.1,0.71,0.4,4.9,5.2,3.9,0.7,0.1,1.6,2.1,12.3
186,Rui Hachimura,4692840,E,PF,22,WAS,43,43,31.7,5.4,11.3,0.476,0.8,2.5,0.33,4.6,8.8,0.519,0.513,2.5,3.2,0.774,0.9,5,5.9,1.6,0.8,0.1,1.3,2.1,14.1
188,Tyrese Haliburton,3831840,W,PG,20,SAC,47,14,30.3,5,10.6,0.478,2.1,5.1,0.414,2.9,5.5,0.537,0.578,0.8,0.9,0.86,0.8,2.4,3.2,5.1,1.2,0.6,1.5,1.4,13
190,R.J. Hampton,2193480,W,PG,19,DEN,25,0,9.3,1,2.4,0.417,0.2,0.7,0.278,0.8,1.7,0.476,0.458,0.4,0.5,0.75,0.4,1.6,2,0.6,0.2,0.1,0.4,0.9,2.6
190,R.J. Hampton,2193480,E,SG,19,ORL,7,1,22.6,4.1,8.6,0.483,0.9,2.4,0.353,3.3,6.1,0.535,0.533,1,2,0.5,0.6,3.7,4.3,1.3,0.9,0.3,1.3,1.3,10.1
191,Tim Hardaway Jr.,18975000,W,SG,28,DAL,50,20,28.9,5.8,13,0.446,3,7.5,0.394,2.9,5.5,0.518,0.56,1.9,2.4,0.797,0.3,3.2,3.5,1.7,0.5,0.1,0.9,1.5,16.5
192,James Harden,40824000,E,PG,31,BRK,34,34,37.3,8.1,17.3,0.467,2.7,7.5,0.361,5.4,9.8,0.548,0.545,6.5,7.5,0.867,0.9,7.8,8.7,11,1.3,0.7,4.1,2.4,25.4
192,James Harden,40824000,W,SG,31,HOU,8,8,36.3,7.5,16.9,0.444,3.1,9,0.347,4.4,7.9,0.556,0.537,6.6,7.5,0.883,0.6,4.5,5.1,10.4,0.9,0.8,4.3,1.8,24.8
193,Maurice Harkless,3623000,E,SF,27,MIA,11,3,11.3,0.5,1.2,0.385,0.5,1,0.455,0,0.2,0,0.577,0,0.2,0,0.2,1,1.2,0.6,0.2,0.4,0.3,1.3,1.4
193,Maurice Harkless,3623000,W,PF,27,SAC,8,2,18.4,1.8,4.1,0.424,0.8,2.6,0.286,1,1.5,0.667,0.515,0.5,0.5,1,0.1,2.1,2.3,0.8,0.6,0.4,0.6,2.4,4.8
195,Montrezl Harrell,9258000,W,C,27,LAL,53,1,24.6,5.9,9.5,0.625,0,0.2,0,5.9,9.3,0.638,0.625,2.8,4,0.705,2.5,4.2,6.8,1.1,0.7,0.8,1.2,2,14.6
196,Gary Harris,19160714,W,SG,26,DEN,19,19,30.6,3.6,8.2,0.442,1.3,3.9,0.32,2.4,4.3,0.556,0.519,1.2,1.6,0.733,0.7,1.8,2.5,1.7,0.9,0.2,0.7,1.9,9.7
196,Gary Harris,19160714,E,G,26,ORL,1,0,18,2,10,0.2,0,2,0,2,8,0.25,0.2,4,4,1,1,2,3,1,0,0,2,1,8
198,Joe Harris,16071429,E,SF,29,BRK,53,49,30.8,5.2,10.1,0.508,3.1,6.5,0.478,2,3.6,0.563,0.663,0.6,0.9,0.739,0.6,3.1,3.7,1.8,0.6,0.2,0.8,2.1,14.1
199,Tobias Harris,33517241,E,PF,28,PHI,47,47,33.4,8,15.3,0.52,1.4,3.6,0.401,6.5,11.7,0.556,0.567,3.2,3.6,0.889,1,6.3,7.3,3.6,0.9,0.8,1.9,2.1,20.6
200,Shaquille Harrison,770433,W,SG,27,UTA,17,0,3.3,0.4,1.2,0.3,0,0.1,0,0.4,1.1,0.333,0.3,0.3,0.4,0.833,0.2,0.4,0.5,0.5,0.1,0,0.3,0.2,1
201,Josh Hart,3491159,W,SF,25,NOP,47,4,28.7,3.2,7.3,0.439,1.3,4.1,0.326,1.9,3.2,0.583,0.531,1.5,1.9,0.775,1.1,6.9,8,2.3,0.8,0.3,1,2.4,9.2
202,Isaiah Hartenstein,1445697,E,C,22,CLE,6,1,23.8,3.8,6.3,0.605,0.3,0.8,0.4,3.5,5.5,0.636,0.632,2.3,3.8,0.609,1.8,7.5,9.3,3.8,0.5,1.7,0.8,3.2,10.3
202,Isaiah Hartenstein,1445697,W,C,22,DEN,30,0,9.1,1.4,2.7,0.513,0,0,,1.4,2.7,0.513,0.513,0.7,1.2,0.611,1.3,1.5,2.8,0.5,0.4,0.7,0.7,2,3.5
203,Jaxson Hayes,5105160,W,C,20,NOP,40,3,14.7,2.5,3.7,0.669,0.1,0.1,0.5,2.4,3.6,0.674,0.676,1.3,1.6,0.781,1.3,2.5,3.8,0.6,0.3,0.5,0.7,1.8,6.3
204,Killian Hayes,5307120,E,PG,19,DET,11,7,20.9,2,6.3,0.319,0.6,2.5,0.259,1.4,3.8,0.357,0.37,0.3,0.4,0.75,0.2,1.8,2,3.5,0.6,0.4,2.5,1.8,4.9
205,Gordon Hayward,28500000,E,SF,30,CHO,44,44,34,7.1,15,0.473,1.9,4.7,0.415,5.1,10.3,0.499,0.537,3.5,4.2,0.843,0.8,5,5.9,4.1,1.2,0.3,2.1,1.7,19.6
206,Juan Hernangómez,6493000,W,PF,25,MIN,34,6,16.6,2.3,5.3,0.431,0.9,2.8,0.326,1.4,2.5,0.547,0.517,1.2,1.8,0.667,1,3.3,4.2,0.6,0.4,0.1,0.4,0.9,6.7
208,Tyler Herro,3822240,E,SG,21,MIA,41,14,31.7,5.8,13.5,0.429,2,5.7,0.34,3.8,7.7,0.495,0.502,2.1,2.5,0.817,0.5,4.5,5,3.4,0.7,0.4,2,1.4,15.6
209,Buddy Hield,24431818,W,SG,28,SAC,53,53,34.5,5.7,14.3,0.396,4,10.5,0.382,1.6,3.8,0.437,0.537,1.2,1.4,0.842,0.4,4.2,4.5,3.2,0.8,0.3,1.7,2.6,16.5
210,George Hill,9590602,W,PG,34,OKC,14,14,26.4,4.4,8.6,0.508,1.6,4.1,0.386,2.8,4.5,0.619,0.6,1.5,1.8,0.84,0.6,1.5,2.1,3.1,0.9,0.1,0.9,0.9,11.8
211,Solomon Hill,2174318,E,PF,29,ATL,52,7,19.7,1.5,4.1,0.368,1,3,0.323,0.5,1,0.5,0.488,0.4,0.5,0.75,0.6,2,2.6,0.9,0.7,0.2,0.6,1.5,4.4
214,Aaron Holiday,2345640,E,PG,24,IND,49,6,17.7,2.7,6.9,0.399,1.1,3,0.377,1.6,3.9,0.416,0.481,0.9,1.1,0.768,0.2,1.1,1.2,1.8,0.7,0.2,0.9,1.6,7.5
215,Jrue Holiday,26131111,E,PG,30,MIL,40,37,31.8,6.9,13.5,0.508,1.9,4.8,0.394,5,8.7,0.572,0.579,1.6,2,0.823,1.3,3.3,4.6,5.4,1.8,0.5,2.2,1.8,17.2
216,Justin Holiday,5720400,E,SG,31,IND,51,42,31.4,3.8,9,0.421,2.5,6.5,0.387,1.3,2.5,0.512,0.561,1,1.3,0.8,0.5,3.2,3.7,1.6,1.2,0.4,0.8,2,11.1
218,Richaun Holmes,5005350,W,C,27,SAC,49,49,30.2,6.1,9.4,0.644,0,0.2,0.2,6,9.2,0.654,0.646,2.2,2.8,0.797,2.6,6.4,9,1.7,0.7,1.7,1.2,3.7,14.4
219,Rodney Hood,10047450,W,SF,28,POR,38,5,19.1,1.9,5.3,0.363,0.7,2.2,0.298,1.3,3.1,0.41,0.425,0.2,0.3,0.75,0.5,1.4,1.9,1.2,0.5,0.1,0.8,1.6,4.7
219,Rodney Hood,10047450,E,SF,28,TOR,5,0,17.8,1.8,4.2,0.429,1,2.8,0.357,0.8,1.4,0.571,0.548,1,1,1,0.2,1.4,1.6,0.4,0.2,0.4,0.6,1.4,5.6
220,Al Horford,27500000,W,C,34,OKC,28,28,27.9,5.8,12.9,0.45,2,5.4,0.368,3.8,7.4,0.51,0.528,0.6,0.8,0.818,1,5.7,6.7,3.4,0.9,0.9,1,1.7,14.2
221,Talen Horton-Tucker,1517981,W,SG,20,LAL,48,2,19.3,3.3,7.5,0.441,0.5,2,0.274,2.8,5.5,0.502,0.478,1.4,1.7,0.825,0.4,2.3,2.7,2.5,0.9,0.4,1.5,2.1,8.5
222,Danuel House,3717000,W,SF,27,HOU,31,21,27.2,3.2,7.9,0.406,1.6,4.5,0.36,1.6,3.4,0.467,0.508,1.3,1.9,0.661,0.6,3.3,3.9,1.9,0.6,0.5,1,2,9.3
223,Dwight Howard,2564753,E,C,35,PHI,53,5,17.3,2.5,4.3,0.581,0.1,0.3,0.267,2.4,4,0.604,0.59,1.8,3.1,0.583,2.6,5.7,8.3,0.7,0.4,0.9,1.7,3,6.8
225,Kevin Huerter,2761920,E,SG,22,ATL,53,38,30.8,4.4,10.5,0.424,2,5.6,0.364,2.4,4.8,0.494,0.522,0.8,1,0.824,0.6,2.7,3.3,3.5,1.2,0.2,1.2,2.4,11.7
226,Elijah Hughes,898310,W,SF,22,UTA,11,0,3.5,0.7,1.7,0.421,0.5,1.3,0.429,0.2,0.5,0.4,0.579,0.3,0.4,0.75,0,0.6,0.6,0.4,0.1,0.1,0.5,0,2.3
227,De'Andre Hunter,7422000,E,SF,23,ATL,20,18,31.3,5.6,11.2,0.502,1.6,4.4,0.356,4.1,6.8,0.596,0.572,3.3,3.8,0.867,0.8,4.3,5.1,2.1,0.9,0.5,1.4,2.7,16
228,Chandler Hutchison,2443440,E,SF,24,CHI,7,0,9.1,0.7,2.6,0.278,0.1,0.4,0.333,0.6,2.1,0.267,0.306,0.3,0.3,1,0.1,2.7,2.9,0.6,0.1,0,0.7,1.3,1.9
228,Chandler Hutchison,2443440,E,SF,24,WAS,6,0,18.7,2.2,6,0.361,0.3,1.7,0.2,1.8,4.3,0.423,0.389,1.2,1.5,0.778,0.5,3.3,3.8,0.8,0.5,0,1.5,1.3,5.8
229,Serge Ibaka,9258000,W,C,31,LAC,39,39,23.6,4.5,8.9,0.507,1,2.8,0.352,3.5,6.1,0.577,0.562,0.9,1.2,0.822,1.7,4.9,6.7,1.7,0.2,1.2,1.1,1.9,10.9
230,Andre Iguodala,15000000,E,SF,37,MIA,47,2,21.3,1.5,4,0.372,1,3,0.324,0.5,1,0.522,0.495,0.4,0.7,0.636,0.6,3.2,3.8,2.1,1,0.5,1,1.4,4.4
231,Ersan ?lyasova,1194542,W,PF,33,UTA,6,0,5.5,0.7,2,0.333,0.5,1.7,0.3,0.2,0.3,0.5,0.458,0.5,0.5,1,0.5,0.7,1.2,0.3,0.2,0,0.2,1,2.3
232,Joe Ingles,10863637,W,SF,33,UTA,49,13,26.7,4,7.6,0.527,2.7,5.5,0.493,1.3,2.2,0.613,0.703,1.1,1.3,0.871,0.4,3.2,3.6,4.1,0.7,0.2,1.5,1.8,11.8
233,Brandon Ingram,27285000,W,SF,23,NOP,47,47,34.4,8.4,18,0.469,2.4,6.3,0.381,6,11.7,0.515,0.535,4.5,5.1,0.875,0.6,4.4,5,4.7,0.7,0.7,2.4,2,23.7
234,Kyrie Irving,33329100,E,PG,28,BRK,38,38,35.2,10.6,20.7,0.514,2.8,7,0.398,7.8,13.7,0.573,0.581,3.6,3.9,0.907,1.1,3.7,4.8,6,1.2,0.6,2.2,2.8,27.6
235,Wesley Iwundu,1678854,W,SF,26,DAL,23,3,12.5,0.7,2.3,0.327,0.1,1,0.13,0.6,1.3,0.483,0.356,0.5,0.6,0.857,0.3,1.7,1.9,0.4,0.4,0.1,0.3,1.1,2.1
235,Wesley Iwundu,1678854,W,SF,26,NOP,6,0,17.8,1.3,3.8,0.348,0.2,1.7,0.1,1.2,2.2,0.538,0.37,1.2,1.3,0.875,0.5,2.3,2.8,0.7,0.7,0,1.3,1.5,4
237,Josh Jackson,4767000,E,SG,23,DET,48,13,24.5,4.7,11.1,0.422,1.3,4,0.311,3.4,7,0.485,0.478,2.2,3.1,0.713,0.9,3.1,4.1,2.1,0.9,0.7,2.1,2.8,12.8
238,Justin Jackson,5029650,W,SF,25,OKC,33,3,16.5,2.6,6.4,0.406,1,3.4,0.306,1.6,3.1,0.515,0.486,0.9,1.1,0.857,0.4,1.7,2.2,1.5,0.5,0.1,0.9,0.9,7.2
239,Reggie Jackson,2331593,W,SG,30,LAC,51,29,21.7,3.7,8,0.462,1.6,3.8,0.431,2.1,4.2,0.491,0.565,0.9,1.2,0.783,0.3,2.4,2.7,3,0.6,0.1,1.1,2,10
240,Justin James,1517981,W,SF,24,SAC,25,0,6,0.7,1.7,0.429,0.2,0.7,0.294,0.5,1,0.52,0.488,0.2,0.5,0.417,0.1,0.3,0.4,0.6,0.1,0,0.2,0.4,1.8
241,LeBron James,39219565,W,PG,36,LAL,41,41,33.9,9.5,18.4,0.513,2.4,6.5,0.368,7.1,12,0.592,0.578,4.1,5.8,0.703,0.6,7.3,7.9,7.9,1,0.6,3.7,1.6,25.4
242,DaQuan Jeffries,1445697,W,G-F,23,HOU,1,0,3,0,0,,0,0,,0,0,,,0,0,,0,0,0,1,0,0,0,0,0
242,DaQuan Jeffries,1445697,W,SG,23,SAC,18,2,12.9,1.3,3.2,0.421,0.5,1.6,0.321,0.8,1.6,0.517,0.5,0.3,0.4,0.857,0.5,1.1,1.6,0.3,0.4,0.2,0.4,1.3,3.5
243,Ty Jerome,2303040,W,SG,23,OKC,20,1,25.5,3.7,8.4,0.435,2,5,0.4,1.7,3.4,0.485,0.554,0.5,0.9,0.588,0.5,2.5,3,3.7,0.6,0.2,1.2,1.9,9.8
244,Isaiah Joe,898310,E,SG,21,PHI,28,1,10.1,1.1,3.4,0.34,0.9,2.6,0.338,0.3,0.7,0.35,0.473,0.3,0.3,0.889,0.2,0.8,1,0.6,0.3,0.1,0.2,1,3.5
246,Cameron Johnson,4235160,W,PF,24,PHO,46,9,23.2,3.4,7.7,0.445,2.1,5.3,0.39,1.3,2.4,0.569,0.58,0.8,1,0.886,0.5,2.8,3.3,1.3,0.6,0.3,0.7,1.4,9.8
247,James Johnson,16047100,W,PF,33,DAL,29,1,17.4,2.3,5,0.462,0.5,2.1,0.25,1.8,2.9,0.612,0.514,0.6,1,0.586,0.5,2.5,3,1.7,0.8,0.8,0.9,2,5.7
247,James Johnson,16047100,W,F,33,NOP,6,5,29.2,4.3,10,0.433,1.5,3.8,0.391,2.8,6.2,0.459,0.508,1.8,2.8,0.647,1,3.2,4.2,3,1.2,1.8,1.7,3.3,12
248,Keldon Johnson,2048040,W,SF,21,SAS,47,45,28.7,5,10.4,0.479,0.9,2.6,0.333,4.1,7.8,0.527,0.52,2.3,3,0.752,1.5,4.9,6.4,1.8,0.6,0.5,1.1,2.1,13.1
249,Stanley Johnson,3801000,E,PF,24,TOR,47,6,14.7,1.1,2.7,0.388,0.6,1.6,0.342,0.5,1.1,0.453,0.488,0.4,0.5,0.792,0.4,1.9,2.3,1.2,0.7,0.3,0.7,1.8,3.1
250,Tyler Johnson,2028594,E,SG,28,BRK,31,2,16.8,1.8,4.6,0.394,1.2,3.3,0.376,0.6,1.3,0.439,0.528,0.5,0.6,0.842,0.2,1.7,1.9,0.9,0.4,0,0.4,1,5.4
251,Nikola Joki?,28542009,W,C,25,DEN,52,52,35.5,10.4,18.3,0.57,1.4,3.4,0.429,9,14.9,0.602,0.61,4.1,4.7,0.862,2.8,8.1,10.9,8.8,1.5,0.6,3.2,2.7,26.3
252,Damian Jones,785285,W,C,25,LAL,8,6,14,2,2.1,0.941,0,0,,2,2.1,0.941,0.941,1.4,1.5,0.917,1,2.3,3.3,0.1,0.1,0.9,0.6,2.8,5.4
252,Damian Jones,785285,W,C,25,PHO,14,0,6.7,0.6,1.1,0.5,0,0.1,0,0.6,1.1,0.533,0.5,0.4,0.8,0.545,0.5,0.8,1.3,0.3,0.1,0.4,0.4,1.4,1.6
253,Derrick Jones Jr.,9268293,W,SF,23,POR,47,40,25,2.8,5.8,0.485,0.9,2.6,0.331,2,3.2,0.613,0.56,1.1,1.7,0.658,1.6,2.6,4.1,0.8,0.7,1.1,0.6,2.3,7.6
255,Tre Jones,898310,W,PG,21,SAS,24,0,4.6,0.8,1.6,0.462,0,0,1,0.7,1.6,0.447,0.474,0.2,0.2,1,0.2,0.2,0.4,0.5,0.1,0,0.4,0.2,1.8
256,Tyus Jones,7965100,W,PG,24,MEM,50,8,19.4,2.8,6.5,0.434,0.7,2.2,0.309,2.2,4.3,0.498,0.486,0.6,0.7,0.912,0.4,1.9,2.3,4.1,1.1,0.1,0.8,0.5,7
257,DeAndre Jordan,10375678,E,C,32,BRK,46,36,22.2,3.4,4.4,0.768,0,0,0,3.4,4.4,0.772,0.768,0.7,1.4,0.492,2,5.2,7.2,1.6,0.3,1.2,1.5,2.1,7.5
258,Cory Joseph,12600000,E,PG,29,DET,10,2,24.1,4.1,7.9,0.519,0.4,1.2,0.333,3.7,6.7,0.552,0.544,2.5,2.8,0.893,0.5,2.6,3.1,5.4,1.1,0.5,2,2.2,11.1
258,Cory Joseph,12600000,W,PG,29,SAC,44,2,21.5,2.5,5.7,0.444,0.7,2.1,0.33,1.8,3.5,0.513,0.506,0.8,1.1,0.766,0.6,1.7,2.3,2.5,0.9,0.2,1,2.2,6.6
259,Mfiondu Kabengele,2075880,E,F,23,CLE,1,0,3,1,1,1,1,1,1,0,0,,1.5,0,0,,0,1,1,0,1,0,0,0,3
259,Mfiondu Kabengele,2075880,W,PF,23,LAC,23,0,4.1,0.4,1.4,0.281,0.2,0.8,0.222,0.2,0.6,0.357,0.344,0.2,0.3,0.833,0,0.6,0.6,0.2,0.1,0.1,0.3,0.8,1.2
260,Frank Kaminsky,1882867,W,C,27,PHO,33,13,14.8,2.5,5.3,0.469,0.8,1.9,0.406,1.7,3.4,0.505,0.543,0.7,1.1,0.629,0.7,2.9,3.6,1.6,0.3,0.4,0.5,1.3,6.4
261,Enes Kanter,5005350,W,C,28,POR,52,34,26.7,5.1,8.5,0.602,0,0,0,5.1,8.4,0.604,0.602,2,2.5,0.785,4.4,7.6,12,1.3,0.5,0.8,1.2,2.6,12.2
262,Luke Kennard,5273826,W,SG,24,LAC,48,10,19,3,6.1,0.481,1.6,3.4,0.466,1.4,2.8,0.5,0.61,0.3,0.4,0.842,0.3,2.4,2.7,1.7,0.3,0.2,0.8,1.5,7.8
263,Maxi Kleber,8250000,W,PF,29,DAL,37,31,28.3,2.4,5.6,0.437,1.8,4.2,0.433,0.6,1.3,0.449,0.602,0.9,0.9,0.914,0.9,4.6,5.5,1.4,0.5,0.7,0.6,2.3,7.6
265,Kevin Knox,4588680,E,SF,21,NYK,33,0,13.1,1.6,4,0.406,1,2.5,0.41,0.6,1.5,0.4,0.534,0.4,0.5,0.813,0.3,1.4,1.6,0.5,0.3,0.2,0.5,1.1,4.7
266,John Konchar,2093023,W,SG,24,MEM,27,0,14.2,1.3,3,0.432,0.4,1.2,0.375,0.9,1.8,0.469,0.506,0.7,0.8,0.818,0.9,2.1,3,1.2,0.9,0.2,0.5,1.1,3.7
267,Furkan Korkmaz,1762796,E,SG,23,PHI,42,6,19.1,3,7.6,0.397,1.7,4.7,0.365,1.3,2.9,0.447,0.509,1.2,1.7,0.729,0.3,1.8,2.1,1.2,0.9,0.2,0.9,1.2,9
268,Luke Kornet,2304878,E,C,25,BOS,6,0,14.2,2,4.5,0.444,1,2.5,0.4,1,2,0.5,0.556,0,0.2,0,0.8,2.7,3.5,1,0,1.2,0.3,1.2,5
268,Luke Kornet,2304878,E,PF,25,CHI,13,0,7.2,0.7,2.1,0.333,0.5,1.8,0.261,0.2,0.3,0.75,0.444,0.2,0.3,0.5,0.1,1.1,1.2,0.3,0.2,0.5,0.1,0.1,2
269,Rodions Kurucs,1780152,E,PF,22,BRK,5,0,3.2,0.2,0.6,0.333,0.2,0.4,0.5,0,0.2,0,0.5,0,0,,0,0.6,0.6,0.4,0,0,0,0.2,0.6
269,Rodions Kurucs,1780152,W,SF,22,HOU,11,0,6.8,0.5,1.9,0.238,0.2,1.4,0.133,0.3,0.5,0.5,0.286,0.1,0.2,0.5,0.2,0.8,1,0.4,0.5,0.4,0.8,0.6,1.2
269,Rodions Kurucs,1780152,E,F,22,MIL,1,0,17,0,1,0,0,0,,0,1,0,0,0,0,,2,4,6,4,2,0,1,1,0
270,Kyle Kuzma,3562178,W,SF,25,LAL,50,20,28,4.9,11.2,0.434,2,5.6,0.351,2.9,5.6,0.518,0.522,0.8,1.3,0.636,1.8,4.9,6.8,1.7,0.4,0.6,1.8,1.7,12.6
272,Jeremy Lamb,10500000,E,SG,28,IND,31,8,21.4,3.4,7.7,0.437,1.5,3.5,0.409,1.9,4.1,0.461,0.532,2.2,2.3,0.957,0.7,2.8,3.5,1.5,1,0.6,0.7,2,10.3
273,Romeo Langford,3631200,E,SG,21,BOS,4,1,14,1.3,3.8,0.333,0.8,1.5,0.5,0.5,2.3,0.222,0.433,0,0,,1.3,0.8,2,0.5,0.5,0.3,0.8,0.8,3.3
274,Zach LaVine,19500000,E,SG,25,CHI,50,50,35.1,9.8,19.3,0.509,3.4,8.1,0.42,6.4,11.2,0.574,0.597,4.5,5.2,0.851,0.6,4.5,5.1,4.9,0.8,0.4,3.7,2.3,27.5
275,Jake Layman,3761085,W,SF,26,MIN,38,11,15.2,2.2,4.3,0.497,0.5,1.8,0.279,1.7,2.6,0.649,0.555,0.6,0.9,0.727,0.3,1.3,1.7,0.7,0.7,0.4,0.6,1,5.4
276,Jalen Lecque,1517981,E,PG,20,IND,4,0,3,0.3,2.3,0.111,0,0.3,0,0.3,2,0.125,0.111,0.8,0.8,1,0.5,0.8,1.3,0.5,0,0,0,0,1.3
277,Damion Lee,1762796,W,SG,28,GSW,52,1,18.8,2.2,4.8,0.45,1.3,3.4,0.388,0.8,1.4,0.606,0.588,0.7,0.8,0.905,0.4,2.8,3.2,1.3,0.6,0.1,0.5,1.6,6.4
279,Alex Len,4032648,E,C,27,TOR,7,2,10.9,0.7,1.4,0.5,0.4,0.9,0.5,0.3,0.6,0.5,0.65,0.4,0.9,0.5,0,1.6,1.6,0.4,0.1,0.9,1.1,1.4,2.3
279,Alex Len,4032648,E,C,27,WAS,37,20,16.5,3.1,4.8,0.631,0.1,0.4,0.2,3,4.4,0.671,0.64,1.3,2.1,0.608,1.2,2.9,4.2,0.9,0.4,1.2,0.8,2.2,7.5
280,Kawhi Leonard,34379100,W,SF,29,LAC,45,45,34.6,9.4,18.3,0.515,2,5,0.395,7.5,13.4,0.56,0.568,5.1,5.8,0.878,1.2,5.4,6.6,5,1.7,0.4,2,1.7,26
281,Meyers Leonard,9400000,E,C,28,MIA,3,2,9.7,1,2.3,0.429,1,2.3,0.429,0,0,,0.643,0.3,0.7,0.5,0,2.3,2.3,0.7,0,0,0.7,1.7,3.3
282,Caris LeVert,16203704,E,SG,26,BRK,12,4,27.8,7.3,16.7,0.435,1.8,5.3,0.349,5.4,11.4,0.474,0.49,2.2,2.8,0.765,0.8,3.5,4.3,6,1.1,0.5,2.2,1.7,18.5
282,Caris LeVert,16203704,E,SG,26,IND,15,15,32.6,6.1,14.9,0.406,1.5,5.2,0.295,4.5,9.7,0.466,0.458,2.3,2.9,0.795,0.5,3.9,4.5,4.4,1.6,0.2,1.7,2.1,16
283,Kira Lewis Jr.,3640200,W,PG,19,NOP,34,0,15.9,2.6,6.2,0.419,0.8,2.1,0.361,1.8,4.1,0.449,0.481,0.6,0.8,0.75,0.2,1,1.2,2.3,0.7,0.2,0.6,1.5,6.6
284,Damian Lillard,31626953,W,PG,30,POR,50,50,35.9,9,20.3,0.442,4.1,10.8,0.378,4.9,9.5,0.515,0.543,7,7.6,0.929,0.5,3.7,4.2,7.7,0.9,0.3,3.1,1.6,29
285,Nassir Little,2210640,W,PF,20,POR,33,2,14.4,1.9,4,0.489,0.8,2.1,0.382,1.2,1.9,0.603,0.588,0.9,1.1,0.861,0.7,2.1,2.8,0.5,0.1,0.4,0.4,1.2,5.6
286,Kevon Looney,4821429,W,C,24,GSW,42,15,15.6,1.5,2.7,0.565,0.1,0.3,0.364,1.5,2.5,0.587,0.583,0.5,0.7,0.69,1.6,2.4,4,1.8,0.4,0.4,0.6,2,3.7
287,Brook Lopez,12697675,E,C,32,MIL,51,51,27.4,4.2,8.8,0.482,1.5,4.3,0.338,2.8,4.5,0.62,0.565,1.5,1.8,0.846,1.5,3.5,4.9,0.8,0.6,1.4,0.9,2.1,11.4
288,Robin Lopez,7300000,E,C,32,WAS,52,9,20.4,3.7,5.9,0.619,0.1,0.3,0.278,3.6,5.6,0.64,0.627,1.4,2,0.708,2.1,2,4.1,0.9,0.3,0.6,1,1.7,8.8
289,Kevin Love,31300000,E,PF,32,CLE,9,9,19.1,3.1,7.8,0.4,1.9,5,0.378,1.2,2.8,0.44,0.521,2,2.6,0.783,0.6,4.9,5.4,1.9,0.7,0.1,1.6,1.3,10.1
290,Kyle Lowry,30000000,E,PG,34,TOR,39,39,34.6,5.6,12.9,0.436,2.7,6.9,0.394,2.9,6.1,0.483,0.541,3,3.4,0.881,0.8,4.6,5.4,7.3,1,0.3,2.8,3.2,17
291,Timothé Luwawu-Cabarrot,1824003,E,SF,25,BRK,46,7,19.2,2.3,6.4,0.359,1.4,4.4,0.318,0.9,2,0.447,0.468,0.6,0.8,0.806,0.5,1.9,2.4,1.3,0.7,0.1,0.8,1.9,6.6
292,Trey Lyles,5500000,W,PF,25,SAS,23,9,15.6,1.9,3.9,0.478,0.6,1.7,0.35,1.3,2.2,0.58,0.556,0.7,1,0.652,0.4,3.3,3.7,0.6,0.3,0,0.3,0.6,5
294,Thon Maker,309355,E,C,23,CLE,8,0,9.5,1.3,2.3,0.556,0,0.3,0,1.3,2,0.625,0.556,1.3,1.4,0.909,1,1.3,2.3,0.5,0.3,0.5,0.4,0.9,3.8
295,Théo Maledon,2000000,W,PG,19,OKC,47,31,27.4,3.4,9,0.376,1.7,4.7,0.36,1.7,4.3,0.394,0.471,1.3,1.7,0.756,0.4,3.1,3.4,3.4,0.9,0.1,2.1,2.1,9.8
297,Terance Mann,1517984,W,SG,24,LAC,51,4,18,2.4,4.8,0.502,0.5,1.2,0.4,2,3.7,0.535,0.551,1,1.3,0.779,0.9,2.8,3.7,1.6,0.4,0.3,0.6,1.9,6.4
299,Boban Marjanovi?,3500000,W,C,32,DAL,23,3,9.1,2.1,4.4,0.485,0,0.3,0,2.1,4.1,0.516,0.485,0.8,1,0.75,1.7,2.7,4.4,0.3,0,0.2,0.4,1,5
300,Lauri Markkanen,6731508,E,PF,23,CHI,31,25,28.6,5.8,11.8,0.488,2.5,6.3,0.388,3.3,5.5,0.602,0.591,2,2.4,0.851,0.7,5,5.7,0.9,0.5,0.4,1.2,1.5,16
302,Caleb Martin,1517981,E,SF,25,CHO,37,1,13.5,1.7,4.6,0.379,0.6,2.1,0.276,1.2,2.5,0.462,0.441,0.6,1,0.595,0.6,1.9,2.5,1.1,0.7,0.2,0.7,1,4.6
303,Cody Martin,1517981,E,SF,25,CHO,39,2,14.3,1.5,3.4,0.444,0.3,1.1,0.279,1.2,2.3,0.522,0.489,0.5,0.8,0.6,0.8,1.7,2.5,1.4,0.6,0.2,0.6,0.8,3.8
304,Kelan Martin,1445697,E,SF,25,IND,18,0,5.4,0.7,1.9,0.382,0.3,0.9,0.313,0.4,1,0.444,0.456,0.2,0.2,1,0.2,0.9,1.1,0.2,0.3,0.1,0.3,0.4,1.9
305,Kenyon Martin Jr.,898310,W,SF,20,HOU,26,0,19.1,2.7,4.9,0.547,0.4,1.1,0.379,2.3,3.8,0.596,0.59,1.2,1.6,0.738,1.7,2.7,4.5,0.7,0.5,0.9,0.8,1.7,7
309,Wesley Matthews,3623000,W,SG,34,LAL,44,6,20.1,1.5,4.4,0.352,1.2,3.5,0.342,0.4,0.9,0.39,0.487,0.5,0.6,0.857,0.3,1.3,1.7,1,0.6,0.3,0.5,1.5,4.8
310,Tyrese Maxey,2478840,E,SG,20,PHI,45,6,14.4,3,6.6,0.448,0.4,1.5,0.279,2.5,5.1,0.498,0.48,0.7,0.8,0.868,0.2,1.4,1.6,1.6,0.4,0.2,0.6,1.2,7.1
312,Patrick McCaw,4000000,E,SF,25,TOR,5,0,6.6,0.2,0.2,1,0,0,,0.2,0.2,1,1,0.6,0.6,1,0.2,0.4,0.6,0.8,0.4,0,0,1.2,1
313,CJ McCollum,29354152,W,SG,29,POR,27,27,33,8.6,19.1,0.452,4,9.8,0.405,4.7,9.3,0.5,0.555,2.5,2.9,0.848,0.5,3.2,3.7,4.7,1.1,0.6,1.2,1.8,23.7
314,T.J. McConnell,3500000,E,PG,28,IND,48,2,25.8,3.6,6.6,0.554,0.2,0.6,0.286,3.5,6,0.58,0.566,0.4,0.7,0.625,0.7,2.9,3.6,6.7,1.7,0.4,1.9,1.5,7.9
315,Jaden McDaniels,1964760,W,PF,20,MIN,46,12,22.7,2.6,5.8,0.442,1.1,3,0.371,1.4,2.8,0.52,0.539,0.4,0.8,0.571,0.8,2.8,3.6,1.1,0.5,1,0.7,2.6,6.7
316,Jalen McDaniels,1517981,E,SF,23,CHO,26,3,12.3,2.1,4.2,0.491,0.5,1.5,0.333,1.6,2.7,0.577,0.55,0.7,1,0.704,0.5,1.8,2.3,0.7,0.2,0.3,0.7,1.6,5.4
317,Doug McDermott,7333333,E,PF,29,IND,49,19,24.8,5.2,10,0.52,1.7,4.5,0.384,3.5,5.5,0.631,0.606,1.2,1.4,0.845,1,2.7,3.7,1.3,0.3,0.1,0.8,1.7,13.3
319,JaVale McGee,4200000,E,C,33,CLE,33,1,15.2,3.4,6.5,0.521,0.2,0.6,0.25,3.2,5.9,0.549,0.533,1.1,1.7,0.655,1.6,3.5,5.2,1,0.5,1.2,1.4,2.4,8
319,JaVale McGee,4200000,W,C,33,DEN,3,0,9.7,2,3.3,0.6,0,0,,2,3.3,0.6,0.6,0.7,1.3,0.5,2,4,6,0.3,0.3,0.7,1.7,3,4.7
320,Rodney McGruder,5000000,E,SG,29,DET,16,2,12.1,2.3,4.4,0.529,0.7,1.5,0.458,1.6,2.9,0.565,0.607,0.4,0.5,0.75,0.5,0.9,1.4,1,0.5,0.1,0.4,0.8,5.7
321,Alfonzo McKinnie,1762796,W,SF,28,LAL,31,0,6.2,1,1.9,0.517,0.3,0.8,0.385,0.7,1.1,0.618,0.6,0.3,0.5,0.529,0.4,0.9,1.3,0.2,0.1,0,0.1,0.6,2.6
323,Ben McLemore,2852708,W,SG,27,HOU,32,4,16.8,2.5,7,0.357,1.7,5.2,0.331,0.8,1.8,0.431,0.48,0.7,1,0.719,0.3,1.7,2.1,0.9,0.6,0.1,0.9,1.6,7.4
323,Ben McLemore,2852708,W,G,27,LAL,2,0,20,3.5,8,0.438,2.5,6.5,0.385,1,1.5,0.667,0.594,2,2,1,0.5,1,1.5,0,0.5,0,0.5,2.5,11.5
324,Nicolò Melli,4097561,W,PF,30,DAL,7,3,17.1,1.4,3.4,0.417,0.6,1.7,0.333,0.9,1.7,0.5,0.5,0.4,0.4,1,0.7,2.6,3.3,0.9,0.3,0.1,0.1,1.7,3.9
324,Nicolò Melli,4097561,W,PF,30,NOP,22,0,11,0.7,2.7,0.254,0.3,1.7,0.189,0.4,1,0.364,0.314,0.3,0.3,0.857,0.5,2,2.6,1.1,0.4,0,0.3,1.3,2
325,De'Anthony Melton,7812500,W,PG,22,MEM,35,1,19.9,3.7,7.8,0.48,1.8,4,0.453,1.9,3.8,0.507,0.595,0.8,1,0.771,0.7,2.5,3.2,2.7,1.2,0.5,1.2,1.7,10.1
326,Sam Merrill,898310,E,SG,24,MIL,22,1,8,1.1,2.5,0.446,0.7,1.6,0.444,0.4,0.9,0.45,0.589,0.1,0.1,1,0.3,0.9,1.2,0.8,0.2,0,0.4,0.5,3.1
328,Khris Middleton,33051724,E,SF,29,MIL,50,50,33.6,7.5,15.7,0.48,2.2,5,0.434,5.3,10.7,0.501,0.549,3,3.4,0.889,0.8,5.2,6,5.4,1.1,0.2,2.8,2.4,20.3
329,Darius Miller,7000000,W,SF,30,OKC,18,0,10.9,1.2,2.7,0.458,0.9,2.3,0.405,0.3,0.3,0.833,0.635,0.7,0.7,1,0.1,1.2,1.3,1.2,0.7,0.3,0.4,0.7,4.1
330,Patty Mills,13285714,W,PG,32,SAS,49,0,25.9,4.2,9.9,0.428,2.6,6.8,0.386,1.6,3.1,0.52,0.56,1.2,1.3,0.905,0.3,1.3,1.7,2.5,0.6,0,0.9,1.3,12.2
331,Paul Millsap,10000000,W,PF,35,DEN,41,34,22.4,3.5,6.9,0.5,1,2.7,0.385,2.4,4.3,0.571,0.574,1.3,1.8,0.703,1.4,3.4,4.8,1.7,0.9,0.7,0.9,2.1,9.2
332,Shake Milton,1701593,E,SG,24,PHI,45,2,24,5,11.2,0.451,1.1,3.3,0.324,4,7.9,0.504,0.499,2.6,3,0.866,0.6,1.7,2.3,2.9,0.6,0.3,1.7,2.1,13.7
333,Donovan Mitchell,5195501,W,SG,24,UTA,50,50,33.6,9,20.6,0.438,3.3,8.7,0.385,5.7,11.9,0.476,0.519,5,5.9,0.846,1,3.5,4.5,5.3,1,0.3,2.7,2.2,26.3
335,Malik Monk,5345687,E,SG,22,CHO,32,0,21.7,4.6,10.1,0.46,2.2,5.2,0.424,2.4,4.9,0.497,0.568,1.7,2,0.815,0.4,2.3,2.7,1.9,0.5,0.1,1.5,1.2,13.1
336,E'Twaun Moore,2331593,W,SG,31,PHO,24,1,14.5,1.8,4.3,0.422,0.3,1.2,0.276,1.5,3,0.479,0.461,0.3,0.4,0.8,0.5,1.2,1.8,1.5,0.6,0.2,0.8,1.3,4.3
337,Ja Morant,9166800,W,PG,21,MEM,42,42,31.6,6.8,15.2,0.447,1,3.6,0.273,5.8,11.6,0.5,0.479,4.4,5.9,0.743,0.9,2.6,3.5,7.4,0.9,0.2,3,1.5,19
339,Marcus Morris,14883721,W,PF,31,LAC,42,14,25.6,4.5,9.9,0.45,2.4,5.2,0.459,2.1,4.7,0.439,0.57,1.1,1.3,0.855,0.6,3.3,4,1,0.6,0.3,0.9,2,12.4
340,Markieff Morris,2331593,W,PF,31,LAL,47,23,20,2.7,6.1,0.438,1.2,3.5,0.35,1.5,2.7,0.552,0.536,0.6,0.9,0.732,0.8,3.9,4.7,1.1,0.3,0.3,0.8,1.8,7.2
341,Monte Morris,1663861,W,PG,25,DEN,40,11,26.7,4.1,8.4,0.484,1.2,3.1,0.376,2.9,5.3,0.547,0.553,1.3,1.7,0.773,0.2,2,2.2,3.3,0.7,0.3,0.8,1,10.6
342,Mychal Mulder,1517981,W,PG,26,GSW,42,2,10.1,1.3,3.1,0.415,1,2.6,0.378,0.3,0.5,0.632,0.577,0.3,0.5,0.579,0,0.8,0.8,0.4,0.2,0.2,0.2,0.7,3.8
343,Dejounte Murray,14285714,W,PG,24,SAS,48,48,31.7,6.6,14.5,0.453,0.9,3,0.31,5.6,11.5,0.49,0.485,1.6,2,0.813,0.8,6.2,6.9,5.2,1.6,0.1,1.7,2.1,15.7
344,Jamal Murray,29250000,W,PG,23,DEN,47,47,35.6,7.9,16.5,0.48,2.7,6.6,0.412,5.2,9.9,0.526,0.562,2.7,3.1,0.864,0.8,3.3,4,4.8,1.3,0.3,2.2,2,21.3
345,Mike Muscala,2283034,W,C,29,OKC,35,0,18.4,3.4,7.6,0.446,1.9,5.3,0.37,1.5,2.4,0.614,0.573,0.9,1,0.917,0.5,3.2,3.8,0.8,0.2,0.3,0.6,1.5,9.7
346,Sviatoslav Mykhailiuk,1663861,E,SF,23,DET,36,5,17.6,2.3,6.2,0.377,1.6,4.8,0.333,0.8,1.4,0.519,0.504,0.7,0.8,0.8,0.3,1.8,2.1,1.6,0.8,0.2,1.1,0.9,6.9
346,Sviatoslav Mykhailiuk,1663861,W,SG,23,OKC,13,7,23.6,3.8,8.5,0.455,1.6,4.5,0.356,2.2,3.9,0.569,0.55,0.7,0.8,0.818,0.5,2.5,3,1.6,1,0.2,1.6,0.6,10
347,Abdel Nader,1752950,W,SF,27,PHO,24,0,14.8,2.4,4.8,0.491,0.8,1.8,0.419,1.6,3,0.534,0.569,1.2,1.5,0.757,0.3,2.3,2.6,0.8,0.4,0.4,0.8,1.4,6.7
348,Larry Nance Jr.,11709091,E,PF,28,CLE,29,27,32.8,4,8.1,0.487,1.2,3.3,0.379,2.7,4.9,0.56,0.564,0.9,1.4,0.634,1.7,5.3,7.1,3.1,1.8,0.6,1.5,2.1,10.1
349,Aaron Nesmith,3458400,E,SF,21,BOS,29,0,13.7,1.2,3.2,0.366,0.7,2.3,0.318,0.4,0.9,0.481,0.478,0.4,0.6,0.688,0.5,1.8,2.2,0.3,0.3,0.2,0.5,1.5,3.4
350,Raul Neto,1882867,E,PG,28,WAS,46,8,20.6,3.2,7.2,0.446,1,2.7,0.361,2.3,4.6,0.495,0.512,0.9,1.1,0.82,0.4,1.9,2.2,2.2,1.1,0.1,0.8,1.6,8.3
351,Georges Niang,1783557,W,PF,27,UTA,53,0,13.9,2,4.6,0.433,1.4,3.4,0.406,0.6,1.2,0.508,0.582,0.1,0.1,1,0.3,1.8,2.1,0.7,0.3,0.1,0.6,1.5,5.5
352,Zeke Nnaji,2379840,W,PF,20,DEN,33,1,10.1,1.3,2.5,0.524,0.6,1.5,0.417,0.7,1.1,0.667,0.643,0.4,0.5,0.8,0.4,1.3,1.7,0.2,0.1,0.1,0.2,0.7,3.6
353,Nerlens Noel,5000000,E,C,26,NYK,47,24,22.9,2.1,3.5,0.6,0,0,0,2.1,3.5,0.607,0.6,0.6,1,0.652,2.1,3.9,6.1,0.6,1,2.1,1.2,2.7,4.9
354,Jaylen Nowell,1517981,W,SG,21,MIN,36,0,19.1,3.8,8.4,0.444,1.3,3.7,0.356,2.4,4.8,0.512,0.521,1.1,1.4,0.837,0.5,1.8,2.3,1.6,0.6,0.3,0.8,1.9,9.9
355,Frank Ntilikina,6176578,E,PG,22,NYK,19,4,13.3,1.2,3.4,0.359,0.9,1.9,0.459,0.3,1.4,0.222,0.492,0.4,0.7,0.5,0.2,1.1,1.3,0.7,0.8,0.1,0.5,1.7,3.7
356,Kendrick Nunn,1663861,E,PG,25,MIA,38,26,28.6,5.2,11.4,0.457,2,5.4,0.372,3.2,5.9,0.535,0.546,1,1.1,0.907,0.4,2.7,3.1,2.6,1,0.2,1.5,1.8,13.5
357,Jusuf Nurki?,12000000,W,C,26,POR,18,18,22.2,3.8,7.8,0.486,0.4,1.1,0.35,3.4,6.7,0.508,0.511,1.5,2.5,0.6,1.9,5.5,7.4,2.9,0.9,0.8,2,2.9,9.4
358,David Nwaba,1862250,W,SF,28,HOU,30,9,22.6,3.5,7.3,0.486,0.6,2.1,0.27,3,5.2,0.574,0.525,1.6,2.3,0.691,1.3,2.6,3.9,1,1,0.7,0.6,2,9.2
359,Jordan Nwora,898310,E,SF,22,MIL,20,2,9.4,1.8,4.2,0.434,0.9,2,0.45,0.9,2.2,0.419,0.542,0.8,1,0.789,0.2,1.7,1.9,0.3,0.6,0.2,0.8,0.7,5.3
360,Royce O'Neale,8035714,W,SF,27,UTA,53,53,31.8,2.4,5.5,0.43,1.5,4,0.376,0.9,1.5,0.568,0.565,0.6,0.8,0.85,1.2,5.6,6.8,2.5,0.8,0.5,1.2,2.7,6.8
361,Semi Ojeleye,1752950,E,PF,26,BOS,43,9,18.6,1.7,4.2,0.407,1.2,3,0.397,0.5,1.2,0.431,0.549,0.6,0.7,0.75,0.6,2.2,2.8,0.7,0.3,0,0.4,1.1,5.2
362,Jahlil Okafor,1882867,E,C,25,DET,14,0,10.3,2.1,3.6,0.6,0.1,0.3,0.25,2.1,3.3,0.63,0.61,0.5,0.6,0.875,0.9,1.4,2.3,0.5,0.1,0.1,0.4,1.1,4.9
363,Chuma Okeke,3121080,E,PF,22,ORL,36,10,24.1,2.6,6.1,0.431,1,2.8,0.36,1.6,3.3,0.492,0.514,0.6,0.8,0.793,0.9,3.1,4,2.2,0.9,0.4,0.8,1.1,6.9
364,Josh Okogie,2651040,W,SG,22,MIN,40,24,20.4,1.6,4.4,0.364,0.5,1.8,0.247,1.2,2.6,0.447,0.415,1.4,1.7,0.821,1,1.6,2.6,1.1,1,0.4,0.7,2.1,5
365,Onyeka Okongwu,5813640,E,C,20,ATL,31,2,10.7,1.6,2.6,0.613,0,0,0,1.6,2.5,0.62,0.613,0.7,1.2,0.579,1,2,3.1,0.2,0.4,0.6,0.5,1.8,3.9
366,Isaac Okoro,6400920,E,SG,20,CLE,47,47,31.9,3,7.1,0.425,0.9,2.8,0.311,2.1,4.3,0.5,0.486,1.2,1.8,0.687,0.9,1.9,2.8,1.7,1,0.4,1.4,2.8,8.1
367,KZ Okpala,1517981,E,PF,21,MIA,25,9,12.9,1.1,2.6,0.409,0.4,1.5,0.297,0.6,1.2,0.552,0.492,0.1,0.2,0.333,0.6,1.4,2,0.4,0.2,0.3,0.5,1.8,2.7
368,Victor Oladipo,21000000,W,SG,28,HOU,20,20,33.5,7.8,19.1,0.407,2.5,7.7,0.32,5.3,11.4,0.465,0.471,3.3,4.2,0.783,0.4,4.4,4.8,5,1.2,0.5,2.6,2.3,21.2
368,Victor Oladipo,21000000,E,SG,28,IND,9,9,33.3,7.1,16.9,0.421,2.8,7.7,0.362,4.3,9.2,0.47,0.503,3,4.1,0.73,0.1,5.6,5.7,4.2,1.7,0.2,2,2.6,20
368,Victor Oladipo,21000000,E,G,28,MIA,4,4,27.8,4,10.8,0.372,1,4.3,0.235,3,6.5,0.462,0.419,3,4.5,0.667,0.8,2.8,3.5,3.5,1.8,0.5,3.5,3.3,12
369,Kelly Olynyk,12198243,W,PF,29,HOU,9,6,29.7,6.2,10.7,0.583,2,5.1,0.391,4.2,5.6,0.76,0.677,2.6,2.9,0.885,1.3,6.6,7.9,3,0.9,0.8,1.8,3,17
369,Kelly Olynyk,12198243,E,C,29,MIA,43,38,26.9,3.8,8.7,0.431,1.8,5.7,0.317,2,3.1,0.639,0.533,0.7,0.9,0.775,1,5,6.1,2.1,0.9,0.6,1.3,2.9,10
370,Miye Oni,1517981,W,SG,23,UTA,37,0,8.9,0.7,2,0.36,0.6,1.8,0.348,0.1,0.2,0.444,0.513,0.1,0.2,0.833,0.5,1.2,1.7,0.3,0.1,0.2,0.3,1.1,2.2
371,Cedi Osman,8750000,E,SF,25,CLE,47,17,24.2,3.4,9.6,0.353,1.7,5.5,0.302,1.7,4.1,0.421,0.439,1.1,1.5,0.746,0.6,2.7,3.3,2.5,0.9,0.1,1,1.8,9.6
372,Daniel Oturu,898310,W,C,21,LAC,20,0,4.1,0.6,1.2,0.5,0,0.1,0,0.6,1.2,0.522,0.5,0.1,0.2,0.5,0.4,0.7,1.1,0.3,0.1,0.2,0.3,0.6,1.3
373,Kelly Oubre Jr.,14375000,W,SF,25,GSW,50,50,30.8,5.8,13.2,0.439,1.6,5.2,0.317,4.1,8,0.519,0.502,2.1,3,0.698,1.4,4.6,6,1.4,1.1,0.8,1.2,2.3,15.3
374,Jabari Parker,6500000,W,PF,25,SAC,3,0,9,1.3,2.3,0.571,0,0.3,0,1.3,2,0.667,0.571,0,0,,0.3,1.7,2,0.3,0,0.3,1,1.3,2.7
375,Eric Paschall,1517981,W,PF,24,GSW,39,2,17.3,3.7,7.5,0.491,0.4,1.4,0.321,3.3,6.2,0.529,0.52,1.6,2.3,0.719,0.7,2.5,3.2,1.3,0.3,0.2,1.1,1.7,9.5
376,Anejs Pase??iks,350000,E,C,25,WAS,1,0,6,0,1,0,0,1,0,0,0,,0,0,0,,1,0,1,1,0,0,5,2,0
377,Patrick Patterson,3814768,W,PF,31,LAC,25,2,14,1.8,4,0.44,1,2.8,0.377,0.7,1.2,0.581,0.57,0.4,0.5,0.833,0.4,1.4,1.8,0.6,0.4,0.3,0.3,1.4,5
379,Chris Paul,41358814,W,PG,35,PHO,51,51,31.8,6.1,12.5,0.491,1.3,3.6,0.362,4.8,8.9,0.544,0.544,2.6,2.8,0.929,0.4,4.3,4.7,8.7,1.4,0.2,2.3,2.4,16.2
380,Cameron Payne,1977011,W,PG,26,PHO,41,0,17,2.6,5.5,0.476,1,2.4,0.398,1.7,3.1,0.535,0.562,0.7,0.8,0.879,0.2,2,2.2,3.7,0.6,0.2,1,1.7,6.9
381,Elfrid Payton,5760000,E,PG,26,NYK,44,44,26.3,4.9,11.2,0.437,0.5,1.9,0.28,4.4,9.3,0.468,0.46,1.5,2.1,0.71,1.3,2.4,3.6,3.5,0.8,0.2,1.8,2,11.8
383,Norvel Pelle,217845,E,C,27,BRK,3,0,9.3,1,2.3,0.429,0,0,,1,2.3,0.429,0.429,0,0,,1,1.3,2.3,0,0,1,1,3,2
383,Norvel Pelle,217845,E,F-C,27,NYK,1,0,3,0,0,,0,0,,0,0,,,1,2,0.5,0,3,3,0,0,2,0,0,1
383,Norvel Pelle,217845,W,C,27,SAC,1,0,4,0,1,0,0,0,,0,1,0,0,3,4,0.75,1,0,1,1,0,0,0,1,3
386,Mason Plumlee,8000000,E,C,30,DET,49,49,27.1,4.1,6.8,0.603,0,0.1,0,4.1,6.7,0.616,0.603,2,3.1,0.662,2.6,6.5,9.1,3.5,0.9,0.9,1.9,3.4,10.3
387,Jakob Poeltl,8101852,W,C,25,SAS,50,32,25.8,3.7,5.9,0.624,0,0,,3.7,5.9,0.624,0.624,0.7,1.8,0.404,3.3,4.8,8,1.9,0.6,1.6,1.3,2.3,8.1
388,Vincent Poirier,2619207,E,C,27,PHI,10,0,3.9,0.3,1.2,0.25,0,0.1,0,0.3,1.1,0.273,0.25,0.2,0.6,0.333,0.6,0.8,1.4,0.2,0,0.3,0.4,0.8,0.8
389,Aleksej Pokusevski,2964840,W,PF,19,OKC,33,16,23.5,2.8,8.5,0.333,1.3,4.5,0.289,1.5,3.9,0.385,0.41,0.7,0.8,0.846,0.7,4.1,4.8,1.9,0.4,1,1.9,1.2,7.6
390,Jordan Poole,2063280,W,SG,21,GSW,32,6,17.6,3.7,8.3,0.447,1.7,4.7,0.36,2,3.6,0.56,0.549,1.6,1.8,0.911,0.2,1.3,1.5,1.9,0.4,0.1,0.9,1.6,10.7
391,Jontay Porter,1904762,W,PF,21,MEM,5,0,3.8,0.4,1.4,0.286,0.2,1,0.2,0.2,0.4,0.5,0.357,0,0,,0.4,1.4,1.8,0.2,0.4,0,1,1.2,1
392,Kevin Porter Jr.,2033160,W,SG,20,HOU,16,13,30.6,5.8,13.6,0.424,1.4,5.6,0.258,4.3,8,0.539,0.477,2.1,3,0.688,0.6,3.3,3.9,6.2,0.8,0.4,3.5,2.2,15
393,Michael Porter Jr.,3550800,W,SF,22,DEN,42,35,30.3,6.5,12.1,0.54,2.4,5.4,0.447,4.1,6.6,0.616,0.641,1.6,2.1,0.761,1.8,5.8,7.6,1,0.6,0.9,1.1,2.1,17.1
394,Otto Porter,28489239,E,SF,27,CHI,25,6,21.6,3.6,8.1,0.441,1.5,3.8,0.4,2,4.3,0.477,0.535,1.2,1.5,0.838,1.1,4.4,5.5,2,0.5,0.2,1,1.5,9.9
394,Otto Porter,28489239,E,PF,27,ORL,3,0,22,3,8.3,0.36,0.3,3,0.111,2.7,5.3,0.5,0.38,1.7,1.7,1,0,4.7,4.7,1.7,1.3,0,0,1.3,8
395,Bobby Portis,3623000,E,C,25,MIL,48,5,21.4,4.8,9,0.528,1.1,2.4,0.46,3.7,6.6,0.552,0.588,0.7,1,0.739,1.8,5.4,7.2,1.1,0.8,0.4,0.9,1.7,11.3
396,Kristaps Porzi??is,29467800,W,C,25,DAL,33,33,30.8,7.8,16.3,0.477,2.3,6.2,0.369,5.5,10,0.544,0.547,2.6,3.2,0.827,2,7.2,9.2,1.5,0.4,1.6,1.3,2.6,20.4
397,Dwight Powell,10185185,W,C,29,DAL,37,8,14.6,1.5,2.9,0.495,0.1,0.5,0.263,1.3,2.4,0.544,0.518,1.6,2,0.784,1.2,2.2,3.4,0.8,0.5,0.4,0.5,2.3,4.6
